64,64
56,235,81,57,234,85,53,218,76,53,209,63,73,226,72,80,209,69,69,213,76,83,205,79,75,199,73,73,196,83,89,197,67,99,188,73,103,192,66,118,165,62,99,173,53,97,178,47,124,169,56,132,140,60,122,153,73,119,167,78,110,145,77,94,133,113,112,157,109,98,161,114,110,143,112,100,146,97,106,130,111,143,152,117,142,153,115,106,161,128,124,150,138,122,130,131,115,124,143,135,130,129,148,133,120,145,151,111,128,132,121,109,160,136,91,156,119,99,171,119,87,187,126,73,176,132,66,184,120,62,173,117,86,183,114,101,207,115,91,212,141,75,209,157,79,224,144,100,221,153,92,205,157,105,208,141,94,197,159,101,202,169,90,211,160,82,225,171,90,238,157,95,224,124,84,224,110,96,229,133,106,229,120,126,230,94,116,239,86,123,244,92
50,228,77,58,242,86,64,226,94,58,218,77,71,209,72,69,219,69,82,211,73,76,214,70,73,196,71,71,190,58,92,193,61,96,196,63,116,172,49,113,173,54,93,163,42,93,169,51,111,148,65,128,144,60,128,163,66,136,161,65,128,133,70,111,129,96,120,147,96,112,169,103,118,147,96,100,148,100,118,149,105,132,135,119,138,144,114,120,155,111,112,148,133,124,140,131,107,132,123,115,123,135,134,134,125,142,137,101,128,125,119,114,136,131,109,156,122,97,158,110,106,177,102,92,178,117,87,189,128,69,176,123,87,180,134,89,209,120,81,206,123,87,205,146,98,213,150,92,216,140,108,200,130,105,208,142,109,198,167,87,204,173,84,199,171,76,212,166,93,228,150,99,228,126,93,225,128,94,221,117,97,218,112,118,220,88,117,246,86,124,254,91
51,235,83,45,233,71,50,234,93,48,218,72,56,220,87,58,220,76,75,200,75,81,208,69,71,221,54,66,211,66,80,181,64,91,189,63,81,195,59,99,170,47,105,173,44,82,170,54,94,161,52,125,152,60,122,142,78,138,154,69,126,141,65,123,125,78,128,136,83,118,156,98,106,148,111,100,131,95,109,133,104,130,131,112,136,125,129,127,145,123,118,128,112,117,128,129,106,126,111,100,119,131,118,124,122,139,123,107,122,128,110,109,128,124,109,132,136,104,159,123,84,156,109,76,172,134,95,171,118,75,167,119,68,182,141,73,186,129,84,195,127,90,202,125,87,209,152,79,217,151,99,217,143,114,201,155,102,206,159,93,210,168,73,211,175,59,208,155,85,226,158,107,216,135,94,219,105,96,231,98,105,243,102,115,242,102,135,219,81,119,238,76
53,237,64,53,238,74,53,227,76,29,219,87,38,204,97,53,203,90,56,209,69,73,202,71,77,198,54,76,210,55,63,205,43,66,192,49,62,191,63,69,177,56,75,169,62,95,163,47,103,167,49,105,170,60,117,151,69,140,152,77,122,145,74,122,144,70,115,133,81,133,131,88,127,134,110,124,117,111,115,110,122,120,115,113,128,115,129,127,112,133,110,121,119,104,119,124,110,113,121,107,110,115,116,116,103,131,129,109,122,124,98,106,120,100,96,127,106,105,141,118,103,150,125,83,152,130,82,164,120,79,161,129,59,171,144,62,168,134,71,180,140,70,203,125,80,219,141,73,213,148,92,221,144,98,212,155,85,221,170,89,217,160,77,217,176,64,214,167,76,212,162,89,218,144,100,234,118,99,232,102,111,234,105,102,242,99,109,239,95,128,238,73
33,221,70,48,209,70,19,223,70,7,215,83,24,218,87,46,202,89,49,207,73,74,199,58,59,199,74,61,222,69,62,204,51,65,202,41,45,196,41,56,178,45,90,184,57,81,185,52,109,151,36,100,162,39,102,160,58,133,152,61,128,147,68,126,146,51,145,140,66,151,117,74,126,127,77,126,105,100,114,103,107,117,112,93,110,112,110,106,116,125,102,94,124,102,91,122,93,119,118,95,113,108,110,99,104,127,112,113,111,129,102,98,126,98,103,137,120,102,133,115,113,143,117,81,144,121,69,141,128,84,147,127,75,157,117,68,183,136,61,175,128,58,200,130,78,213,109,87,215,129,76,223,144,87,224,139,78,209,153,94,209,170,93,197,164,67,205,170,77,203,144,77,212,145,81,212,130,102,240,97,108,212,105,101,226,100,102,244,81,113,243,84
22,201,61,32,204,67,21,202,65,4,196,65,26,219,71,25,223,83,36,210,75,50,202,66,49,221,62,50,219,71,40,213,68,48,223,57,55,204,50,49,194,39,62,188,30,92,185,39,97,185,43,103,162,26,94,163,39,106,173,38,129,158,39,129,141,42,145,127,52,146,117,60,132,126,75,136,116,70,135,117,69,126,106,90,117,106,99,106,104,102,105,85,86,93,85,96,97,99,114,90,107,119,109,113,113,121,108,102,113,116,118,109,133,117,122,133,129,117,140,119,108,143,125,96,141,110,81,156,113,80,152,107,70,151,106,67,174,121,59,174,133,69,191,125,73,191,117,80,208,115,63,203,115,66,213,137,82,213,160,80,200,165,73,186,177,82,188,175,88,191,160,69,207,144,88,217,135,84,224,112,86,212,112,104,201,96,101,213,95,119,234,78
33,188,59,37,185,51,23,206,64,12,201,57,16,198,76,28,215,80,28,228,74,25,206,63,49,216,90,35,241,87,34,219,69,52,232,79,50,222,47,68,195,32,47,189,47,70,185,43,103,164,34,91,155,17,97,165,37,99,173,35,118,144,40,138,145,50,131,126,37,155,105,43,138,122,49,123,124,48,132,125,69,140,112,90,125,106,85,103,95,80,103,80,110,85,70,86,101,95,88,103,99,114,89,111,117,103,112,106,134,104,108,113,112,110,122,135,111,120,129,102,99,153,117,84,158,93,72,148,113,87,148,99,73,147,114,67,163,110,62,178,129,73,168,122,63,179,111,60,200,121,72,198,129,68,201,137,77,215,134,76,206,165,74,200,158,77,195,161,79,184,161,85,215,140,95,204,122,85,201,114,93,215,110,105,202,109,96,203,92,122,223,66
30,185,42,24,179,46,16,186,43,8,197,52,13,217,74,6,219,82,22,232,86,20,225,82,27,220,82,34,241,93,31,226,80,39,227,76,52,206,70,65,210,48,64,200,56,64,190,40,65,180,39,89,166,20,86,158,32,92,166,24,115,159,27,126,128,40,137,115,50,143,118,37,129,120,30,128,128,39,144,124,63,137,118,66,124,111,61,119,104,66,118,95,87,100,80,93,107,87,102,118,88,93,106,89,107,105,97,115,114,109,104,124,106,115,129,125,105,114,129,104,100,137,108,87,162,99,81,158,103,72,162,97,85,148,115,75,154,110,77,160,119,70,159,117,73,156,118,52,170,121,48,166,129,62,187,129,72,188,125,76,201,141,75,185,144,83,183,154,77,189,137,87,199,123,98,209,125,97,199,124,90,205,118,105,195,111,106,206,86,105,201,78
38,186,38,38,175,36,30,185,52,27,204,41,13,212,55,7,222,61,9,222,68,31,234,68,20,229,90,20,235,91,42,248,77,33,221,78,32,234,80,32,224,59,53,194,41,61,201,35,72,181,17,75,157,26,91,148,24,81,158,18,96,155,19,112,124,39,138,114,26,138,112,21,146,110,47,121,113,50,131,111,34,134,114,64,116,100,83,125,92,69,107,91,69,106,73,106,96,66,92,115,75,101,121,80,109,106,83,103,92,101,103,123,86,113,117,120,104,110,118,96,104,132,98,91,165,106,82,145,105,72,166,93,63,154,105,69,144,105,85,138,99,70,156,117,66,154,115,61,178,121,62,172,109,72,188,121,90,194,145,86,183,146,101,178,144,95,188,132,88,179,167,73,180,144,89,201,131,85,206,123,98,210,120,98,198,121,98,200,100,97,185,76
34,153,25,40,171,31,44,198,39,27,202,52,23,218,46,15,213,60,17,208,61,31,221,60,20,222,83,29,227,88,21,237,86,25,231,84,31,213,69,25,217,60,35,203,42,44,200,41,60,172,19,67,167,15,62,158,9,80,142,7,93,138,16,90,136,24,104,124,29,129,110,24,131,96,28,134,94,42,135,83,40,127,95,37,112,89,73,108,95,89,111,89,83,93,81,95,93,69,99,109,63,86,117,67,96,128,95,106,118,81,95,100,82,103,109,104,87,115,108,74,109,125,90,106,147,88,105,142,93,86,152,95,82,152,119,71,150,122,61,147,125,75,131,108,88,143,106,84,173,125,88,182,134,79,176,118,87,173,142,94,180,141,97,172,129,101,177,131,100,168,138,82,175,155,70,188,135,77,200,124,85,210,125,86,203,123,95,199,95,89,189,76
29,147,31,40,160,20,27,185,31,30,199,32,18,197,55,5,215,68,20,224,57,37,219,61,21,217,66,28,235,82,36,218,96,19,223,92,20,241,81,28,217,58,23,210,68,48,199,45,44,194,32,48,162,14,60,171,7,70,139,1,89,140,9,98,143,7,99,117,28,104,125,31,103,107,21,127,90,23,123,84,49,127,84,26,114,90,58,100,93,62,97,76,100,96,81,101,97,69,92,110,73,95,117,79,93,116,84,85,109,81,80,108,94,80,95,65,89,122,92,78,115,117,91,105,119,84,104,146,98,111,153,101,103,135,93,89,127,105,86,130,126,92,124,103,74,126,100,93,150,125,78,173,133,90,159,111,80,181,133,106,171,134,92,200,129,113,179,135,90,186,141,90,170,149,87,172,151,70,205,126,76,197,128,96,193,113,86,199,105,101,183,78
31,149,36,34,148,34,24,175,35,33,188,24,24,186,45,20,206,60,27,216,74,22,217,65,7,235,74,15,230,81,35,226,93,30,219,80,31,233,71,25,231,65,43,216,62,38,216,64,52,193,55,45,175,28,55,172,16,75,151,17,93,152,23,89,149,8,104,123,5,95,118,13,87,104,16,97,91,12,102,91,27,116,68,30,116,62,29,97,80,54,93,81,79,106,66,87,102,60,93,103,69,86,103,78,78,120,73,80,112,72,84,105,88,75,107,74,72,111,74,64,112,93,63,120,103,88,111,130,98,124,135,84,108,124,100,108,122,110,111,135,115,97,129,119,83,141,122,91,141,114,93,140,108,77,159,122,84,179,112,93,176,126,92,198,134,101,198,122,103,185,145,100,185,146,96,197,148,80,188,138,88,205,117,85,196,113,94,191,107,100,188,96
14,141,45,23,137,57,31,142,31,25,182,38,30,197,15,11,206,52,9,200,52,25,192,42,26,215,41,3,209,50,27,210,70,23,209,69,30,199,73,22,216,71,30,216,62,35,208,50,53,223,58,51,178,48,57,173,19,75,154,22,88,156,28,96,146,24,92,132,7,88,116,25,91,85,29,93,75,12,116,94,10,118,68,32,127,57,43,126,71,48,110,72,61,114,60,68,111,74,81,118,56,82,128,60,76,121,66,77,124,57,63,119,70,84,113,91,55,117,61,54,125,74,64,133,83,79,135,111,101,122,127,87,137,143,87,114,134,91,117,114,103,92,115,126,109,132,127,99,151,118,84,130,113,94,157,117,80,170,115,103,183,137,98,185,123,109,189,111,104,189,125,112,191,137,94,169,149,84,191,136,100,189,130,81,186,122,83,188,106,105,182,112
0,121,43,2,130,62,2,136,59,21,153,33,20,187,31,24,197,27,32,185,39,18,189,38,16,181,29,12,194,37,27,188,47,22,191,56,19,184,59,40,201,78,38,192,55,36,208,42,39,214,46,54,205,69,76,193,42,90,170,22,81,142,30,90,138,23,76,134,7,86,129,14,103,90,23,100,77,34,119,85,40,115,80,29,124,74,26,129,64,33,107,67,60,100,66,63,113,65,69,112,63,59,126,56,45,134,41,50,126,39,67,112,53,69,107,62,54,110,73,53,116,80,50,128,78,58,137,85,79,129,118,88,124,136,85,135,134,92,123,116,106,109,116,119,119,126,135,108,142,137,105,140,139,97,137,127,97,146,117,99,168,129,113,184,117,114,184,109,111,179,113,106,196,109,96,190,129,89,170,133,98,168,120,98,184,120,98,196,103,104,198,108
8,123,38,0,117,61,21,124,52,19,149,44,34,158,34,17,182,28,20,179,21,39,193,29,15,181,33,12,191,30,28,181,24,24,194,49,43,185,61,49,199,75,21,214,56,27,210,34,41,207,46,53,190,49,66,186,48,71,159,27,72,156,37,80,150,17,76,139,12,74,131,6,93,109,23,98,90,31,113,79,45,131,65,22,125,67,40,128,51,56,120,40,41,107,41,46,114,54,55,128,48,68,105,61,56,139,52,51,135,47,41,120,50,61,125,61,61,122,75,56,122,76,72,117,81,53,137,97,68,118,119,80,126,116,83,122,112,93,129,126,91,111,110,115,106,133,122,114,136,134,123,136,124,110,138,132,112,132,139,115,159,141,116,180,127,113,174,118,114,176,114,112,185,121,101,193,110,99,172,134,98,169,131,93,190,104,106,205,113,113,206,109
23,106,59,8,117,48,5,123,62,20,121,54,11,127,51,25,143,46,33,158,47,37,181,36,32,171,40,36,174,40,37,170,49,24,186,36,32,183,38,38,187,53,19,194,53,24,209,48,29,194,50,52,197,43,73,184,55,75,169,51,63,169,33,75,148,36,72,142,25,84,123,21,86,92,34,100,86,33,124,67,42,123,62,35,132,55,33,134,60,56,120,44,53,124,40,46,137,39,44,134,28,62,118,30,55,120,38,47,114,52,32,125,47,32,122,61,30,121,60,44,122,58,45,125,77,71,132,79,68,125,95,74,129,93,74,124,114,92,120,113,98,116,115,101,124,112,121,120,130,127,114,125,115,130,131,125,122,140,130,126,142,137,122,163,123,120,178,124,118,182,122,108,161,127,92,170,134,98,172,123,90,172,121,103,192,112,122,194,109,116,202,101
21,106,49,11,94,43,5,116,53,27,124,59,33,127,41,38,131,45,37,156,43,52,179,27,55,171,42,51,177,55,48,166,49,37,173,54,37,170,35,24,179,64,18,187,45,28,198,59,23,185,57,43,200,49,63,183,47,54,189,68,71,155,47,91,142,33,85,148,44,77,131,40,68,126,30,85,91,42,100,82,44,119,66,36,109,61,38,124,59,35,107,64,53,112,54,55,124,58,57,129,37,47,137,30,46,114,32,53,121,41,52,120,47,32,106,49,46,120,59,52,97,83,30,114,71,39,113,91,71,126,96,70,96,99,72,108,114,88,94,115,90,102,119,95,117,123,93,101,132,108,126,139,126,131,125,111,113,141,109,125,144,121,116,164,111,129,173,117,105,171,123,117,170,114,112,146,124,106,153,121,86,178,109,92,194,115,101,184,96,123,196,99
23,81,47,27,90,42,26,107,42,26,118,50,19,117,53,27,127,46,36,157,42,52,168,40,43,177,47,50,173,50,61,176,52,48,161,50,46,178,51,34,172,58,31,188,48,7,195,58,11,188,74,30,186,66,43,183,60,55,183,63,71,158,68,90,145,53,83,154,53,72,139,37,84,134,56,73,114,55,80,83,48,106,58,55,108,38,28,96,42,24,103,47,48,95,48,58,112,63,57,124,59,52,130,64,48,124,50,34,109,53,35,110,48,39,112,57,47,102,59,50,84,80,33,80,84,25,93,84,57,103,82,64,107,90,69,92,99,63,89,124,72,73,127,104,92,111,81,93,113,76,103,126,88,118,129,102,120,134,107,111,132,110,120,152,110,122,184,98,124,174,113,115,169,114,94,147,123,97,144,125,84,150,107,95,175,103,111,177,89,122,173,94
41,85,48,34,89,51,29,88,46,23,118,46,42,114,43,45,110,34,32,141,40,41,145,43,32,168,37,29,164,52,47,169,65,39,154,48,47,149,69,28,164,61,39,165,49,1,168,55,16,193,53,23,177,75,13,184,77,49,182,61,57,185,49,73,156,56,81,137,45,85,122,24,85,115,27,84,108,35,74,96,69,81,59,50,87,56,61,74,59,34,95,35,21,93,59,37,100,57,49,113,66,32,117,58,42,109,48,27,107,65,42,85,55,45,92,62,29,89,74,43,88,81,56,75,85,43,68,87,36,90,98,55,71,96,67,78,114,68,76,115,72,72,123,95,83,141,98,103,132,77,80,125,76,109,131,83,124,150,82,100,143,84,96,147,78,121,165,95,126,179,95,124,165,114,103,161,113,112,142,127,93,163,112,88,160,100,107,177,103,99,169,98
57,68,57,59,81,62,52,81,53,43,99,63,44,118,53,55,117,39,58,133,28,41,147,38,32,141,48,32,144,57,49,153,63,41,149,63,46,141,54,42,158,63,30,144,49,18,150,57,13,152,65,23,176,72,24,192,58,19,190,69,27,191,50,40,172,48,58,150,44,84,127,26,79,122,24,79,103,31,67,103,54,74,78,59,78,73,59,72,67,47,74,70,41,94,50,40,105,62,25,111,63,25,102,68,38,98,64,41,84,64,55,80,69,57,78,90,54,90,88,43,69,94,38,72,87,52,75,93,42,67,95,33,66,100,45,54,106,59,51,110,77,60,127,84,75,141,89,89,138,95,91,137,77,86,134,76,107,152,71,108,159,73,112,153,74,105,160,70,112,170,75,113,157,91,111,161,88,104,141,111,99,161,99,87,157,96,86,153,79,98,156,82
41,75,58,50,72,74,55,76,81,31,101,75,44,108,76,35,105,58,56,110,39,30,139,47,54,147,54,55,137,51,36,143,63,30,126,74,43,130,62,35,140,58,23,145,73,27,147,76,29,149,54,29,155,57,37,160,79,30,174,75,40,174,50,49,170,44,61,151,50,71,139,42,79,132,41,81,119,29,78,99,63,67,83,63,79,51,59,70,64,63,67,39,53,87,54,40,80,34,43,96,57,37,101,47,28,78,55,36,94,89,49,73,84,42,65,81,54,73,100,52,79,107,53,76,117,47,70,99,55,68,95,28,55,100,50,52,114,48,59,105,61,52,132,76,64,132,75,79,133,94,82,135,79,70,143,61,86,140,66,99,154,84,105,139,67,88,140,78,100,155,75,113,154,77,109,157,86,97,149,103,95,133,114,81,161,106,80,152,88,91,170,75
25,63,81,18,57,79,33,85,77,41,94,79,24,98,73,33,96,67,47,109,44,43,128,37,50,132,41,58,148,56,51,128,72,37,125,64,43,123,66,43,125,59,25,134,71,23,148,71,31,149,72,42,154,58,48,159,56,41,160,77,49,147,74,36,149,48,48,147,50,75,130,35,65,132,35,69,115,37,51,87,49,56,76,82,66,53,74,65,47,62,88,48,52,86,35,53,83,40,36,86,40,37,83,42,34,77,48,47,76,62,54,88,98,49,77,101,59,74,115,43,81,130,29,63,129,38,45,113,45,47,101,46,53,98,55,53,116,41,45,112,39,61,119,60,45,144,71,47,150,80,61,150,63,58,131,63,74,124,74,85,127,77,83,128,58,95,124,64,93,142,62,92,145,76,101,143,86,91,143,87,89,147,80,96,144,92,90,159,75,82,163,82
27,64,73,15,71,80,30,57,68,23,69,68,50,83,79,34,83,79,40,87,79,35,122,46,39,120,54,66,127,48,67,147,63,54,129,59,52,115,42,51,133,57,44,116,57,25,127,73,49,137,68,58,147,46,28,158,57,38,156,82,52,131,75,55,126,54,54,136,40,63,124,38,52,118,51,59,106,63,52,114,57,62,90,83,62,64,77,75,61,64,82,45,57,97,42,63,99,40,56,94,45,48,81,43,46,74,59,49,78,62,56,79,82,58,73,113,61,63,120,59,77,128,39,51,120,48,44,135,48,56,108,53,61,115,44,60,130,45,55,137,42,41,133,67,39,130,67,29,141,73,57,139,69,43,127,67,62,116,49,77,114,75,88,113,74,106,110,56,94,117,72,79,121,75,107,136,86,101,136,96,80,132,89,90,131,84,97,133,89,88,159,70
38,50,64,33,60,66,17,68,75,21,69,68,20,86,86,44,86,82,40,95,62,44,101,67,46,99,47,54,99,50,57,102,49,52,124,53,53,112,38,56,116,40,61,121,59,50,124,55,51,129,57,57,148,57,44,143,60,34,142,63,50,137,48,51,126,55,46,139,56,54,129,57,39,102,54,44,95,66,46,95,81,60,89,77,79,64,96,75,49,91,70,52,86,86,37,77,80,43,83,95,41,78,89,39,75,75,61,60,68,76,60,71,86,66,71,93,49,75,112,57,79,126,66,58,123,53,65,124,61,50,137,64,65,154,48,58,149,49,42,158,66,38,141,61,28,144,69,35,156,54,51,160,62,48,143,63,66,143,59,82,123,48,97,116,51,94,111,52,79,125,68,86,120,70,103,124,84,97,144,86,82,148,86,89,143,68,99,153,65,91,142,81
47,59,72,39,68,54,49,71,74,49,89,84,25,64,71,30,74,96,39,85,73,36,81,77,35,90,82,59,104,70,65,105,42,60,112,44,52,128,67,37,123,50,66,117,53,66,118,61,47,103,61,49,118,56,49,128,76,44,122,60,37,126,66,43,113,54,46,129,57,47,135,52,45,119,59,39,98,60,62,98,58,55,86,86,70,77,70,74,45,72,70,42,79,81,47,75,78,47,70,96,40,75,85,71,63,74,65,43,67,68,66,69,73,51,56,102,75,68,101,75,55,126,40,61,112,47,56,117,42,48,132,44,40,121,67,53,133,52,58,142,40,40,126,50,42,148,67,37,151,61,54,157,62,50,155,60,50,137,64,67,113,50,84,122,45,83,110,67,79,93,51,80,100,56,95,125,88,85,136,92,90,149,95,102,147,70,87,120,65,80,131,73
35,79,67,52,72,66,57,88,88,55,86,95,39,82,102,32,77,86,28,74,74,32,76,82,36,75,88,39,87,73,49,91,60,57,105,52,37,98,71,42,115,70,52,109,74,65,119,61,65,107,45,52,98,52,38,120,59,30,123,82,33,131,71,32,125,51,36,133,55,40,133,46,44,131,50,41,114,76,41,112,69,59,95,70,51,70,71,55,47,52,61,40,66,56,34,70,73,32,63,81,45,67,71,73,70,85,80,48,73,75,64,51,62,59,52,90,76,49,98,86,54,110,66,44,118,41,46,137,53,50,133,50,49,138,43,43,124,55,46,121,53,53,124,54,38,132,55,27,144,67,44,149,70,50,150,64,44,123,55,50,110,68,58,104,54,84,99,62,68,93,66,70,87,52,81,108,61,85,114,84,99,128,90,95,139,83,93,125,84,79,121,69
39,61,85,47,63,67,66,66,83,65,91,88,43,80,100,46,84,78,39,59,89,25,63,84,42,89,78,45,70,82,40,83,66,61,102,48,51,98,53,47,104,76,56,96,74,54,112,65,59,93,72,65,94,54,53,90,55,53,110,80,47,117,66,34,107,65,46,106,48,43,117,55,41,110,57,42,110,69,42,109,79,70,87,82,46,94,54,54,60,53,53,46,64,61,30,72,65,39,74,76,61,77,90,53,66,97,85,49,71,80,61,62,84,61,45,85,84,36,93,89,45,94,86,29,98,66,36,110,37,56,140,60,39,120,49,47,120,55,53,141,50,46,131,61,58,130,49,51,154,76,38,139,56,55,142,64,57,128,58,48,104,52,66,96,61,65,86,40,69,110,60,72,99,49,68,77,65,75,94,58,77,101,71,76,105,76,98,117,78,86,108,67
58,68,54,61,65,78,67,63,88,61,82,91,57,80,85,40,82,80,44,80,80,39,54,97,40,55,104,46,76,91,34,78,88,46,75,62,32,79,64,42,92,74,63,92,75,59,100,68,66,101,59,68,87,64,61,78,79,52,76,76,44,84,75,46,97,62,48,95,70,52,112,61,63,112,82,63,111,86,58,108,76,55,83,80,42,89,82,52,73,63,48,54,71,57,36,57,71,40,74,87,62,72,101,79,56,91,80,61,85,94,77,63,88,77,64,93,82,49,95,85,31,104,86,38,101,68,41,99,61,44,121,46,47,111,46,37,114,47,35,117,52,38,138,46,41,136,57,51,144,64,35,132,52,39,126,62,30,106,65,41,98,60,59,100,50,65,97,44,61,98,33,71,98,45,70,79,48,59,75,52,72,95,57,78,91,44,82,93,43,82,112,63
69,57,59,51,63,66,78,61,72,72,66,79,49,72,100,55,78,79,40,52,85,52,51,95,50,66,95,59,66,87,53,75,92,53,68,67,40,64,66,50,75,77,42,94,91,64,82,64,67,92,74,60,87,82,72,83,77,46,74,76,57,63,65,54,70,74,58,81,57,51,92,53,49,98,63,62,120,89,55,99,86,68,65,87,61,88,75,62,85,50,62,59,68,66,40,52,50,48,68,60,53,77,74,67,74,87,83,78,65,92,73,73,82,84,52,97,75,59,104,84,38,86,80,30,96,74,52,107,69,49,106,53,40,117,63,34,129,58,35,128,48,44,136,51,33,136,56,34,131,64,56,139,50,27,114,64,45,131,78,28,111,72,61,92,62,63,96,50,70,75,44,74,82,55,62,90,36,57,66,52,67,54,56,76,64,56,61,86,47,64,89,59
55,43,49,58,43,55,75,45,58,80,46,73,60,56,90,57,57,89,41,58,107,45,44,105,64,50,109,60,65,89,45,76,87,48,67,71,56,74,80,47,59,75,56,71,91,50,85,86,74,94,93,73,91,85,75,73,67,53,76,70,41,76,65,54,60,75,53,71,75,70,76,68,53,83,78,60,108,79,52,96,80,67,71,88,67,79,73,49,73,57,53,65,70,74,47,72,54,52,82,51,45,68,57,65,71,68,65,86,64,73,78,62,90,84,72,88,88,65,99,80,51,92,61,35,101,63,40,96,71,53,114,58,47,113,60,31,126,60,47,129,47,39,136,48,40,138,48,37,120,57,49,113,39,38,118,41,35,105,56,35,111,70,47,111,70,61,99,61,69,97,67,72,76,49,67,69,48,65,80,51,53,57,55,51,57,51,48,58,48,59,79,57
64,47,53,49,32,60,71,46,72,77,42,76,73,46,92,51,56,103,67,56,105,37,44,99,61,46,107,63,53,88,66,55,85,67,51,71,36,57,66,35,67,80,44,75,79,34,78,81,46,71,93,66,86,99,68,94,82,60,80,69,67,68,79,47,72,76,51,56,91,78,59,71,73,74,86,63,88,90,71,79,81,75,84,94,84,64,88,70,65,82,67,63,69,67,57,58,59,57,72,71,58,69,65,45,77,69,58,74,68,77,104,64,99,93,73,99,77,63,89,87,61,96,63,36,111,70,39,111,54,48,111,64,36,133,61,34,139,63,12,122,65,30,124,42,34,126,45,31,123,58,49,121,45,35,117,49,45,121,32,28,111,47,25,115,52,35,109,64,50,99,61,60,95,40,53,71,41,55,77,61,52,69,44,57,46,45,51,73,65,50,71,69
72,40,54,61,42,62,53,41,70,69,38,77,66,39,91,67,48,94,71,52,107,54,49,103,49,36,89,61,38,94,70,40,80,69,49,83,62,60,91,41,52,80,36,62,77,43,70,86,37,74,88,54,61,102,68,62,97,72,80,89,68,87,92,64,74,91,71,55,87,72,57,87,79,58,90,89,66,90,93,78,76,88,75,82,82,62,87,78,63,81,70,59,68,65,65,65,73,71,70,67,76,73,58,79,80,67,68,83,62,74,100,73,91,98,75,93,96,64,102,82,56,113,79,57,112,52,59,108,54,36,123,49,42,135,45,35,137,44,35,129,46,11,128,47,21,119,43,33,113,41,33,119,42,41,111,39,44,126,27,33,125,36,44,129,36,32,111,51,40,110,40,56,87,47,49,95,58,57,78,58,64,72,57,63,57,60,69,61,64,65,65,65
57,68,52,40,52,49,53,52,66,70,55,69,64,37,72,76,54,77,58,50,80,63,67,93,53,49,95,78,44,83,60,39,83,78,35,93,72,64,83,54,60,77,44,71,86,36,75,78,31,78,75,36,82,79,63,64,91,69,74,78,67,70,79,69,67,93,59,42,83,58,43,89,64,53,77,84,59,71,98,51,91,85,56,77,86,44,83,93,55,89,64,61,86,58,59,71,75,68,66,63,61,79,72,86,64,79,81,84,61,66,89,60,86,87,68,96,82,72,89,74,80,80,70,76,103,67,65,120,63,43,108,55,46,122,47,42,124,38,48,131,59,18,141,61,22,134,61,22,126,53,27,116,53,33,116,48,56,103,37,57,127,44,28,123,41,42,111,57,53,118,45,57,93,40,65,81,43,65,82,66,52,82,71,55,65,79,56,70,77,47,79,65
51,94,68,37,88,55,47,73,66,47,61,69,49,59,79,69,46,74,77,64,79,71,63,77,62,44,61,72,46,67,72,47,71,82,37,80,61,48,78,50,59,62,35,75,68,44,67,66,27,85,65,29,80,61,41,75,73,64,60,84,71,48,77,81,51,72,77,51,64,57,33,68,72,37,74,74,30,60,70,32,71,92,41,87,95,48,79,85,36,84,66,47,67,72,42,66,73,56,58,78,52,74,87,74,77,74,72,80,65,55,69,63,60,79,58,67,65,74,76,74,79,87,75,82,78,63,78,97,74,61,113,65,44,124,55,47,129,44,37,125,56,41,130,50,29,127,43,11,122,60,18,121,60,17,125,49,42,135,47,57,121,51,45,114,35,37,123,43,35,117,61,57,114,54,49,108,57,58,85,51,61,83,60,63,88,80,62,78,72,53,81,80
54,97,68,36,82,67,38,72,57,52,81,59,49,81,62,66,74,72,58,55,58,56,65,72,66,61,82,72,34,68,57,50,47,73,40,76,65,22,70,57,33,49,37,47,45,38,48,55,39,78,65,42,76,62,24,79,69,46,54,73,45,72,65,52,68,57,66,39,50,60,36,59,72,25,61,66,32,58,82,22,68,99,33,69,91,19,75,71,35,89,65,30,94,76,21,68,63,50,69,70,42,66,64,62,72,76,61,88,83,68,76,78,57,79,73,58,64,75,83,66,75,72,75,67,79,54,81,70,56,78,84,58,91,103,63,62,110,46,49,132,55,53,119,58,40,130,51,43,112,57,4,115,60,7,128,46,19,130,67,41,129,45,69,115,51,38,120,53,49,116,60,50,97,46,43,90,60,58,88,57,67,81,57,80,96,82,72,74,70,55,68,87
55,87,73,37,80,72,44,92,66,38,80,37,50,82,46,50,93,65,64,90,56,58,76,65,66,49,57,53,42,72,63,51,60,65,37,52,52,27,50,55,24,53,35,39,46,31,42,49,48,54,55,48,63,57,37,52,65,38,58,59,43,60,51,38,63,52,60,43,59,61,38,52,64,41,44,74,35,50,71,32,45,85,12,63,70,10,77,79,13,83,76,26,89,55,25,83,47,30,83,60,35,76,62,40,76,73,59,82,74,50,80,74,55,57,84,64,46,76,78,60,71,58,75,74,60,69,71,61,59,91,73,57,105,66,52,94,84,63,90,103,64,72,110,47,53,116,57,53,127,44,42,122,57,20,124,57,27,127,73,26,115,63,49,113,70,60,124,52,46,126,50,49,104,51,62,94,51,53,89,70,70,82,78,78,97,76,72,85,81,73,75,76
42,80,73,43,91,72,39,79,48,32,70,27,34,94,47,60,81,42,36,76,45,57,73,35,50,82,64,52,70,52,62,45,52,61,59,48,46,34,66,61,31,57,37,47,51,22,43,52,36,49,66,35,59,71,37,62,60,31,63,74,43,68,43,36,68,46,46,44,50,62,49,50,55,32,50,61,48,60,61,29,61,57,29,52,94,0,52,95,14,54,76,12,70,59,23,71,52,39,71,64,46,66,70,30,70,87,54,79,64,54,80,79,58,79,91,49,62,102,62,76,97,78,70,84,76,64,86,69,67,112,81,69,104,76,52,89,78,61,110,94,78,74,101,54,81,99,60,61,108,64,33,129,70,29,116,65,33,120,59,25,126,64,46,119,53,60,117,64,64,114,51,58,100,40,70,87,60,76,91,69,78,87,52,86,71,59,82,85,63,88,73,77
35,72,100,40,90,84,29,81,66,41,60,38,37,71,31,48,85,34,58,80,41,46,68,30,51,91,43,48,88,56,67,85,39,68,69,36,59,49,52,41,35,60,48,29,61,38,45,44,30,53,61,35,44,59,36,61,68,46,64,79,51,67,70,44,62,49,49,50,35,41,50,46,31,54,47,44,38,48,38,24,43,51,30,52,79,21,54,88,0,48,76,22,68,59,21,65,73,32,65,73,39,78,89,27,84,96,39,71,83,53,89,75,45,87,85,42,70,103,57,71,109,66,77,93,88,71,97,86,73,109,73,71,101,60,56,94,71,65,97,74,75,100,102,69,78,90,83,78,97,72,47,110,72,38,107,76,30,123,61,46,120,68,51,116,68,44,134,57,57,118,64,64,107,47,65,90,68,84,69,71,94,59,54,81,67,57,85,70,63,90,66,67
39,59,95,36,87,75,44,87,82,43,75,43,51,69,54,55,93,48,51,89,28,50,77,18,33,69,30,54,85,44,56,83,41,49,70,45,55,55,52,56,56,51,37,47,42,30,38,47,49,41,37,45,59,53,53,42,68,36,50,70,37,57,65,55,49,42,31,60,56,40,63,50,48,54,55,42,34,69,33,44,49,37,42,67,43,28,48,67,8,46,73,1,59,69,9,65,86,33,73,85,35,83,97,21,86,110,41,70,105,35,58,80,30,71,85,28,68,104,47,78,112,65,72,92,64,75,112,85,81,121,65,73,117,75,80,92,74,83,93,75,55,108,92,78,87,78,69,85,86,72,89,81,72,49,89,80,51,118,68,70,119,61,47,107,77,52,132,60,60,105,64,61,92,70,66,83,48,94,65,76,77,66,72,97,66,67,86,54,69,106,67,66
21,69,86,29,69,90,41,81,64,30,68,54,48,88,52,55,84,49,53,71,31,48,68,28,52,79,34,40,68,24,51,75,27,42,69,46,45,63,51,46,61,58,52,49,54,47,41,40,34,47,38,34,57,39,47,41,50,50,46,68,61,39,76,49,47,60,39,57,55,28,52,58,38,45,64,35,44,71,30,40,75,33,45,70,51,38,63,49,14,50,56,15,42,72,2,59,79,9,51,97,20,69,102,19,70,109,23,74,90,4,61,96,6,54,107,13,57,104,18,62,112,23,83,96,49,79,112,52,71,116,68,77,116,72,83,114,77,80,115,77,82,115,82,69,104,74,70,91,74,74,75,71,77,85,79,81,89,103,62,85,111,57,68,104,61,54,115,62,65,94,79,66,82,78,69,82,80,83,73,73,98,84,72,89,79,83,100,83,76,109,64,70
36,63,87,42,53,93,34,62,60,41,64,48,33,79,45,52,65,45,54,57,24,59,56,10,63,49,11,45,68,30,63,71,17,65,76,28,38,62,42,27,68,51,39,52,59,37,40,50,61,43,24,41,67,21,37,59,39,41,54,72,36,37,64,37,50,39,60,39,50,31,63,52,25,38,72,28,45,58,29,33,46,28,49,52,50,35,60,59,20,42,52,23,47,71,14,53,93,1,36,83,0,42,110,21,57,114,14,74,104,25,71,102,24,70,110,14,49,111,5,61,111,2,51,113,21,60,119,38,66,129,62,81,134,57,70,122,74,75,124,70,83,113,84,70,123,63,54,113,62,68,89,82,82,100,88,67,88,77,69,83,101,68,69,107,70,63,112,64,48,128,62,69,95,58,73,81,67,88,85,58,78,60,76,81,77,69,94,57,70,96,49,58
32,46,82,46,51,72,63,66,63,61,70,53,49,57,64,42,68,51,40,68,23,57,44,15,64,48,25,57,49,18,52,61,12,62,71,28,47,67,28,32,55,38,22,40,28,38,40,39,54,38,28,64,53,16,68,52,40,54,49,56,55,31,37,39,34,41,55,39,45,53,55,36,34,48,57,14,43,65,12,25,62,20,29,45,41,28,42,56,23,52,63,21,52,72,7,37,78,1,32,90,0,29,102,2,29,99,8,54,103,28,77,120,23,77,102,2,58,105,0,55,120,0,44,114,6,56,124,16,72,124,32,78,132,42,86,131,60,78,122,57,75,122,76,89,125,68,72,136,50,54,109,63,78,101,74,77,95,84,82,87,97,74,92,91,61,76,95,62,59,119,64,68,120,62,82,102,63,88,87,67,95,69,75,96,66,58,94,45,60,93,42,56
60,49,71,59,69,85,55,53,59,68,61,62,62,56,45,62,63,33,57,41,41,50,46,8,48,53,5,66,40,12,58,56,12,82,57,24,66,66,17,54,49,41,30,36,42,43,24,35,44,28,39,53,44,34,75,41,9,74,36,27,49,55,30,38,40,17,50,47,39,59,59,26,49,62,32,21,60,52,22,42,54,21,36,57,30,25,42,42,15,53,45,7,46,49,0,37,66,19,36,80,0,36,94,0,30,81,22,44,111,9,57,115,12,59,124,3,71,121,0,47,116,8,64,122,9,65,135,1,66,124,24,64,120,40,83,146,49,76,150,62,91,139,64,95,124,67,74,151,52,74,141,42,48,128,63,80,92,73,81,96,84,81,82,98,52,99,96,65,85,107,49,76,114,48,80,106,76,79,109,73,90,99,72,103,66,51,102,61,59,85,51,58
69,57,86,77,65,73,76,56,59,61,65,56,60,67,38,75,56,27,62,42,17,58,39,24,57,50,17,52,43,14,56,40,12,77,54,0,59,44,10,57,39,19,44,31,21,40,26,31,55,30,43,52,25,34,58,40,32,74,42,13,58,39,0,48,47,5,39,40,12,48,39,15,45,39,13,30,56,29,27,61,42,31,44,52,39,34,37,44,24,46,55,1,42,49,0,30,53,0,11,60,16,18,71,26,29,85,21,23,86,32,25,103,21,38,108,14,40,115,0,54,136,15,57,147,19,49,138,5,53,148,15,67,146,19,76,139,35,79,139,42,85,153,61,80,136,40,78,141,39,83,131,39,68,131,46,65,107,62,55,101,75,65,101,93,47,98,86,53,91,103,57,96,110,49,90,120,58,70,107,71,90,89,71,96,88,65,90,74,75,101,51,72
57,40,105,80,45,103,65,67,78,64,58,58,63,44,48,65,56,44,72,52,31,60,48,28,61,48,13,68,37,16,60,61,21,63,62,17,74,56,4,62,49,0,43,42,11,47,36,40,39,48,32,48,37,41,54,41,27,74,47,0,72,52,12,58,46,0,65,59,0,61,38,3,51,36,17,47,35,14,45,33,13,47,30,28,43,29,59,46,4,36,44,2,34,65,0,33,63,17,23,44,15,24,64,28,14,84,23,17,104,27,37,114,19,28,95,19,46,99,16,37,137,0,50,146,0,50,160,30,40,154,10,54,157,27,67,136,18,66,147,36,68,168,61,81,140,47,68,144,38,60,142,40,80,139,52,72,149,51,61,127,62,48,117,52,80,99,66,57,93,72,56,115,91,61,92,103,62,92,83,63,75,106,65,81,89,63,88,78,60,91,66,65
62,58,123,60,41,110,57,62,80,75,67,63,61,41,61,52,39,47,67,24,26,66,35,27,59,27,28,70,37,21,65,57,9,66,69,14,66,44,10,62,37,0,63,26,9,41,40,26,42,61,35,57,56,23,63,60,0,64,48,0,74,53,0,80,42,0,81,54,0,69,55,7,83,27,1,73,19,0,83,32,10,71,36,19,58,22,31,48,7,41,55,13,28,64,0,33,71,0,29,53,9,37,75,18,37,73,26,33,102,23,43,113,19,30,99,23,35,108,12,33,120,5,40,135,2,55,159,18,49,160,17,50,154,11,58,158,15,62,163,29,76,175,58,70,170,50,63,152,46,55,150,50,68,156,50,64,167,45,50,153,38,53,123,39,71,112,52,72,119,58,64,111,76,56,112,76,67,103,72,79,86,67,66,82,88,75,96,87,78,102,64,79
74,62,113,66,62,111,70,43,85,66,66,79,66,67,72,50,62,55,54,50,51,64,39,31,63,51,35,59,45,30,83,36,28,78,77,29,69,67,7,61,33,8,77,32,0,60,51,14,67,35,17,69,53,7,64,55,20,51,52,7,66,46,0,73,42,0,80,43,0,73,58,0,71,43,17,77,24,8,86,11,2,65,32,19,77,20,1,75,3,25,41,0,27,68,0,29,69,14,21,64,16,16,66,6,38,78,8,37,72,5,35,112,10,31,110,21,16,105,1,29,115,14,43,141,21,43,164,22,45,155,22,48,173,32,32,175,21,51,184,19,63,192,35,60,186,39,53,176,35,56,157,40,53,165,38,58,156,45,65,148,49,59,157,43,64,139,43,66,126,34,64,139,65,54,123,64,77,127,59,85,111,56,75,92,69,70,84,88,85,90,77,95
73,47,128,77,58,120,76,69,102,69,58,83,71,53,77,72,60,72,63,60,63,52,42,45,50,59,29,48,54,32,69,61,45,76,60,40,73,54,24,78,44,26,81,42,4,69,50,0,81,45,9,69,39,0,73,48,2,56,56,0,53,56,2,50,65,0,64,52,8,76,55,0,82,57,9,76,35,18,83,18,0,81,22,5,81,27,0,80,17,2,71,8,17,54,0,16,49,11,5,53,4,10,61,0,25,78,0,18,92,10,20,96,0,21,110,0,30,126,0,16,138,7,19,140,16,39,157,20,39,169,23,38,175,27,26,173,41,38,169,24,40,190,30,61,172,33,59,176,35,55,170,29,50,172,40,47,163,39,36,154,41,50,158,43,56,149,44,70,140,35,73,145,41,63,133,48,78,139,59,87,138,67,87,113,56,79,119,77,90,102,77,89
70,43,131,80,57,124,61,67,93,70,61,87,59,56,86,64,47,69,65,53,71,56,41,70,47,40,34,38,34,18,58,66,39,63,58,37,61,50,21,70,52,25,75,53,6,71,49,14,72,46,1,66,44,0,77,37,0,76,53,0,42,59,11,39,47,0,50,47,0,54,38,0,71,38,7,66,33,0,55,34,10,79,46,22,60,25,17,65,10,6,67,14,2,50,13,0,72,21,12,68,8,6,64,0,4,77,0,27,90,18,14,92,9,22,102,10,19,111,10,18,145,3,25,135,1,33,138,30,33,154,12,46,163,23,68,176,22,56,181,34,52,186,23,55,205,35,76,195,47,63,166,45,56,165,55,64,158,25,63,147,38,73,144,29,61,147,23,62,156,42,65,138,31,63,132,36,75,125,65,96,146,78,90,126,78,92,128,79,83,121,70,78
58,30,105,60,37,109,50,47,98,59,77,88,70,69,78,62,52,68,55,55,67,37,52,73,32,36,44,26,39,23,37,52,11,45,59,24,36,62,22,42,59,21,47,68,17,61,58,6,56,59,9,67,48,0,82,55,0,74,44,0,51,44,0,40,52,6,51,46,6,50,39,0,37,37,3,47,41,2,56,32,0,57,45,15,64,25,22,46,5,5,48,17,0,32,6,0,46,12,7,72,25,12,60,25,0,58,7,12,82,21,31,93,19,31,96,9,13,112,0,20,133,3,37,141,4,36,139,1,49,155,22,45,156,24,52,162,14,75,156,22,66,171,23,66,193,36,63,199,46,71,185,41,69,167,50,60,154,36,79,164,24,73,168,22,82,147,21,78,162,36,71,153,45,81,140,41,81,122,56,89,132,77,94,142,81,108,143,93,97,124,79,91
56,48,109,47,43,107,57,62,99,52,76,101,65,80,77,70,49,72,51,41,59,53,41,75,48,54,51,38,39,25,16,46,16,39,59,9,29,52,4,42,46,11,39,45,1,41,59,9,53,58,0,60,45,0,64,46,0,58,28,4,52,25,5,45,37,0,46,23,17,53,25,0,54,25,5,36,27,3,46,40,0,53,48,13,49,35,4,52,15,2,48,0,0,29,5,0,33,6,19,51,34,27,57,33,28,69,21,25,55,20,10,93,36,31,115,9,42,118,7,28,105,1,34,125,15,39,121,0,59,153,20,72,165,15,63,148,0,79,175,12,98,160,28,86,172,21,88,172,20,81,204,47,78,167,44,77,165,37,82,169,29,75,172,23,63,161,7,72,148,22,72,155,23,81,147,31,95,129,51,94,106,52,101,138,61,98,139,70,111,124,76,99
49,62,97,56,67,102,72,72,93,71,64,89,72,75,79,70,66,75,68,65,81,46,44,72,41,61,50,41,54,48,38,35,15,29,39,2,16,52,7,21,45,0,28,53,12,29,40,3,30,40,8,45,43,0,44,42,0,64,34,0,39,36,0,39,24,0,33,27,14,37,17,6,36,18,0,46,28,10,34,32,10,47,37,0,58,38,0,46,27,7,30,20,6,32,0,0,31,7,20,46,28,17,61,18,21,65,33,21,76,18,35,75,28,25,87,22,32,111,16,52,101,15,47,103,18,64,122,19,77,126,0,82,138,6,85,155,0,89,173,2,92,169,24,99,159,13,83,166,15,88,171,13,89,187,31,97,186,14,85,165,18,91,175,10,92,161,3,74,158,2,92,150,11,90,134,32,108,131,37,101,120,51,105,110,42,94,113,57,102,117,73,110
66,67,111,59,69,111,58,61,82,72,52,81,71,52,79,69,74,84,67,57,58,64,62,57,40,45,59,52,72,42,36,40,24,48,42,15,30,40,0,22,37,3,31,39,0,35,51,0,26,36,5,23,42,14,37,26,0,49,35,0,62,11,0,49,22,10,33,18,2,40,7,8,40,23,10,46,15,11,38,12,0,45,35,6,36,31,4,34,22,0,32,8,0,41,0,5,36,9,0,31,31,6,46,30,11,61,37,15,72,52,23,60,49,22,99,33,44,102,19,47,97,10,66,100,8,77,98,26,90,115,18,75,146,16,94,163,0,91,144,16,113,157,19,95,166,19,91,178,25,91,177,18,93,182,41,97,196,7,111,198,0,92,186,17,83,179,0,73,176,4,97,181,17,105,141,18,85,141,40,108,139,42,106,123,37,107,106,51,98,113,47,109
78,69,108,79,69,99,78,72,100,60,64,77,73,71,83,68,56,75,81,52,78,70,58,57,64,67,62,43,65,58,47,51,22,43,48,10,42,36,0,39,45,0,44,49,4,39,49,10,12,48,7,7,50,8,22,36,8,43,32,0,54,10,0,55,10,0,45,16,23,28,4,25,30,8,22,49,20,0,51,11,9,30,14,6,37,23,0,37,25,2,44,25,15,29,0,4,38,18,6,34,30,0,31,36,16,51,21,6,55,34,23,60,51,40,80,44,40,100,47,41,89,33,49,103,21,74,117,18,80,112,21,91,128,19,88,147,13,87,151,15,90,157,27,114,166,32,101,168,13,94,177,9,111,191,30,120,211,24,120,207,0,100,191,12,72,185,0,69,175,2,96,191,19,99,160,18,107,154,29,101,144,49,106,141,47,115,120,51,124,125,45,109
79,73,103,96,82,116,70,84,108,71,80,82,63,57,78,88,58,86,82,53,55,66,66,63,64,54,38,57,58,47,38,60,60,40,58,15,22,47,19,39,52,19,39,42,0,33,51,2,13,52,10,0,43,0,1,40,5,31,33,0,33,31,0,52,20,0,52,6,20,34,12,21,39,12,17,42,17,23,37,29,4,26,19,0,26,21,8,43,35,3,31,14,8,22,4,7,25,21,0,36,30,8,43,43,2,55,21,10,58,17,29,61,51,45,82,56,41,81,42,49,101,69,55,94,37,83,116,41,63,99,49,75,113,19,80,122,13,79,137,29,90,160,31,110,159,27,109,169,2,104,175,23,111,186,16,107,207,32,121,191,22,97,219,4,85,190,0,77,190,18,97,184,20,96,182,23,99,168,37,96,168,45,94,156,46,115,141,58,123,140,35,113
102,83,114,95,89,119,87,84,102,80,85,96,72,68,94,83,60,88,79,65,70,76,59,59,72,48,42,76,58,43,53,68,41,52,56,44,34,71,30,23,64,31,11,59,27,22,49,0,20,56,9,7,47,0,18,38,6,16,41,0,32,30,0,38,25,5,49,19,10,39,0,15,40,0,13,45,1,23,34,5,23,33,15,6,22,20,10,31,29,0,14,31,4,2,20,0,1,34,0,20,39,2,20,30,3,33,38,10,37,32,18,64,30,46,75,33,64,83,52,59,100,70,56,102,68,65,100,58,66,107,53,76,111,46,73,122,37,81,125,33,92,142,20,112,148,13,102,162,15,112,161,25,103,174,15,117,176,15,104,198,20,97,201,9,97,212,0,93,199,9,92,191,13,114,193,7,104,195,22,114,185,28,101,178,44,106,155,41,106,151,44,129
96,66,116,92,71,119,88,89,96,81,96,98,99,72,77,104,59,57,69,60,48,72,61,55,84,67,54,63,55,65,66,70,30,38,64,48,28,67,31,32,58,40,9,58,15,23,54,0,14,50,9,15,35,0,10,46,0,15,38,3,10,39,0,24,33,13,50,23,0,31,4,2,20,10,23,21,0,29,49,7,17,38,5,7,25,24,17,41,33,14,3,31,0,0,9,12,0,8,12,21,16,8,20,38,12,14,25,14,49,49,10,50,49,48,70,40,44,92,47,62,104,55,58,99,68,55,122,51,63,103,59,84,127,44,88,123,28,92,144,37,100,151,20,126,148,32,105,169,33,107,152,29,101,181,22,101,179,21,115,201,6,100,202,13,90,213,13,99,208,7,107,197,14,99,202,21,101,206,11,106,214,11,99,192,27,103,164,46,99,171,29,128
87,69,92,89,73,97,93,82,106,88,97,92,82,88,78,100,79,51,87,62,32,79,53,32,72,68,39,68,60,64,62,68,53,35,61,41,19,60,29,23,59,39,23,68,18,16,58,0,31,39,1,30,34,0,33,29,0,24,22,0,30,31,8,16,35,23,29,19,6,41,16,12,23,13,12,20,0,17,22,11,30,34,0,17,30,17,10,26,27,9,20,7,7,0,11,12,0,14,2,0,16,0,0,6,2,15,19,11,24,25,18,41,44,24,62,57,35,89,45,67,111,49,64,114,71,67,126,63,70,121,47,86,117,40,78,122,31,87,127,16,91,141,20,118,153,33,108,176,26,113,158,31,118,166,35,109,177,27,119,210,14,116,214,23,117,204,31,106,205,23,102,225,1,102,219,4,113,210,5,102,204,0,102,210,1,95,195,25,90,170,29,108
105,68,87,99,89,100,94,69,86,90,88,102,96,90,84,87,79,41,97,83,32,80,54,28,73,44,36,66,58,43,49,55,56,49,51,41,25,63,35,23,53,21,32,68,29,10,73,15,15,38,18,31,46,3,46,40,6,30,14,14,31,8,9,20,28,5,40,25,32,47,30,15,32,22,25,32,17,19,21,1,0,14,10,0,23,0,25,20,23,9,10,5,8,11,21,24,17,22,7,1,16,25,12,20,11,0,30,13,32,38,26,45,41,38,57,38,42,70,40,58,112,57,64,126,60,56,119,67,73,130,45,93,120,47,91,139,29,81,133,23,98,141,18,107,167,32,126,176,46,131,178,47,110,179,34,118,176,34,115,194,18,125,202,28,123,209,36,104,216,21,114,210,7,99,239,0,95,236,8,96,204,0,102,202,0,105,201,15,91,181,25,104
102,65,90,106,81,97,89,85,93,80,77,90,74,76,79,90,60,57,104,66,43,99,75,30,96,64,29,72,58,44,67,68,41,48,63,49,51,67,28,29,73,26,17,76,17,16,67,5,14,50,0,31,37,17,33,36,12,44,24,5,32,9,0,37,19,3,37,27,23,46,28,19,51,28,26,37,9,21,36,0,7,12,0,0,23,12,18,23,0,13,18,0,14,13,7,15,12,23,11,13,14,26,1,21,26,7,30,26,22,46,28,56,38,51,55,43,67,74,50,63,94,59,71,113,46,57,115,69,67,127,67,79,140,47,95,133,48,97,148,26,93,162,26,102,162,41,113,173,43,126,172,41,138,177,58,131,181,59,133,183,38,120,198,23,110,219,30,108,219,25,91,216,22,100,232,10,95,242,8,109,232,0,101,207,0,107,207,6,117,200,6,104
101,88,76,123,84,72,104,86,78,93,82,83,85,74,69,90,60,55,99,64,50,84,80,36,94,62,35,88,65,21,67,70,41,32,70,24,42,74,40,41,81,27,25,60,19,34,64,0,19,55,18,31,30,21,31,33,25,53,26,0,27,25,0,26,35,10,33,12,11,29,25,31,45,26,16,39,0,1,20,0,11,20,9,12,21,0,1,24,11,0,21,3,0,0,0,3,23,7,23,30,25,25,1,11,22,3,26,33,25,37,41,38,38,49,74,37,50,73,34,59,93,68,62,108,67,67,115,60,61,120,81,80,137,74,97,125,56,106,131,48,93,166,13,110,183,45,114,167,50,109,160,61,126,184,63,132,181,58,123,192,43,113,199,29,111,217,27,115,216,18,102,219,28,93,230,16,106,233,15,119,245,8,116,224,0,115,211,21,103,213,3,111
124,90,58,115,103,61,114,112,55,115,96,55,105,79,65,94,84,68,90,90,40,84,89,30,83,74,29,85,67,22,73,60,28,42,58,17,51,81,32,57,86,27,39,84,23,35,65,0,22,47,13,22,41,16,34,36,15,44,31,10,48,45,13,33,39,1,41,46,21,37,28,19,29,29,19,45,9,0,38,4,0,8,4,0,23,0,4,20,0,0,3,0,11,11,3,4,19,13,20,31,16,12,34,17,25,13,22,37,21,25,42,35,30,50,47,40,65,71,27,59,78,43,53,94,67,73,114,57,80,128,72,87,130,67,84,132,64,104,148,47,102,150,25,103,168,36,112,178,43,115,175,63,107,166,65,114,166,74,108,181,68,117,188,53,121,194,32,122,217,21,116,226,29,103,241,28,121,244,19,118,246,2,135,232,0,128,234,6,112,215,18,114
142,100,55,145,110,48,109,119,60,111,113,43,124,110,54,111,108,48,94,107,65,91,102,43,84,88,15,64,69,9,68,77,8,44,72,25,46,54,2,69,83,23,48,85,3,38,60,5,31,59,0,29,46,0,34,39,8,38,26,7,58,45,8,35,55,14,26,42,11,36,27,1,37,26,20,38,20,2,36,10,0,28,0,11,2,17,2,18,6,11,19,2,0,0,0,0,4,0,26,30,21,6,38,22,20,22,12,36,12,15,35,44,39,51,53,14,79,48,20,82,80,32,52,89,47,81,111,54,81,132,66,92,124,75,84,136,64,113,133,68,104,144,29,97,155,40,120,164,47,104,170,70,128,171,78,104,173,60,110,170,66,106,196,74,106,192,50,113,194,25,123,225,34,104,232,34,102,247,28,107,247,25,101,227,1,107,243,0,121,228,9,125
149,123,74,157,123,60,145,118,45,124,111,51,113,120,42,119,110,48,116,106,33,90,120,42,78,98,31,68,86,13,61,75,7,59,80,11,52,78,6,57,71,0,52,70,7,35,77,0,29,69,0,31,62,6,55,54,24,53,39,19,38,38,17,45,47,8,47,32,13,32,31,0,32,17,5,21,25,0,31,15,9,29,12,0,22,10,4,3,7,12,11,0,12,0,0,0,24,8,24,22,5,25,41,5,27,44,27,25,48,21,35,32,28,58,31,21,62,49,20,83,66,42,63,77,42,66,107,53,72,120,54,78,117,67,81,129,56,102,135,47,104,155,55,108,151,59,100,162,64,113,170,71,125,162,77,117,171,65,121,166,69,103,177,66,109,199,59,117,206,36,100,213,24,106,231,33,106,237,19,108,229,16,112,227,12,110,233,0,109,236,5,122
BMP
