96,96
48,92,153,47,91,152,47,91,152,47,91,152,47,91,152,47,91,152,48,92,153,49,93,154,47,91,152,47,91,152,47,91,152,48,92,153,47,93,153,47,93,153,47,93,153,47,93,153,48,92,153,48,92,153,48,92,153,48,93,154,46,92,152,47,93,153,46,92,152,47,93,153,47,93,153,47,93,153,47,93,153,48,94,154,48,94,154,47,93,153,48,92,153,48,94,154,48,94,154,49,93,154,49,93,154,49,93,154,49,94,154,47,93,153,47,93,155,48,93,156,47,93,155,46,92,152,48,94,154,47,93,153,47,94,154,48,94,154,48,94,154,47,92,153,44,93,153,47,93,155,48,94,156,48,94,157,48,94,155,48,94,155,47,93,156,48,94,156,48,94,156,48,94,156,48,94,156,46,93,155,46,93,155,47,94,155,48,94,154,48,94,154,49,93,154,48,93,154,48,94,154,48,94,155,49,95,156,49,95,157,48,94,156,48,94,156,50,94,157,48,93,156,46,94,154,49,93,154,49,92,153,48,94,154,48,94,154,48,94,154,48,94,156,47,94,156,46,94,156,47,94,156,47,95,154,48,96,155,47,94,156,45,93,155,48,94,154,48,94,153,48,94,154,48,94,155,47,93,155,47,93,154,48,94,155,47,93,155
47,91,152,48,90,152,49,91,153,48,92,153,48,92,153,46,91,152,47,90,151,47,91,152,49,93,154,48,92,153,48,92,153,47,93,153,47,93,153,47,93,154,48,92,154,48,92,153,48,92,153,49,93,154,50,92,154,50,93,154,48,90,153,49,91,155,49,92,154,49,93,154,48,93,154,47,93,155,47,93,153,47,94,153,47,93,153,48,92,153,48,93,153,46,92,152,48,94,154,48,94,154,47,92,153,48,92,153,49,94,155,48,94,154,46,92,154,47,93,155,47,93,154,47,93,153,47,93,154,47,94,154,46,95,154,46,94,153,47,93,153,49,93,154,48,95,155,48,94,155,47,93,155,48,94,156,47,93,154,47,93,154,48,94,156,48,94,156,49,93,156,48,94,156,48,94,156,48,94,156,48,94,156,47,93,155,48,94,154,49,95,155,48,92,153,49,92,154,47,93,155,47,93,155,47,93,153,48,94,155,49,93,155,46,93,155,48,93,156,47,93,155,44,95,155,47,95,154,47,93,153,48,94,154,49,93,154,48,92,153,48,94,156,49,95,157,49,93,157,49,93,156,48,93,154,50,94,155,50,94,155,49,94,156,49,95,155,49,95,155,48,94,154,49,95,154,48,94,154,48,94,153,48,92,153,47,93,153
48,92,153,49,92,153,48,91,152,47,91,152,48,92,153,48,91,153,50,92,154,49,90,152,49,91,152,49,92,153,47,93,153,47,93,153,48,92,153,49,92,153,47,92,152,46,92,153,47,93,155,47,93,155,49,93,155,47,90,154,73,99,145,76,102,146,65,89,152,51,91,152,46,93,154,49,93,154,49,93,152,46,93,152,47,94,152,48,93,153,47,93,154,46,91,152,47,93,153,47,94,154,46,95,154,49,93,154,49,92,154,47,93,153,48,94,154,47,93,153,48,92,153,50,92,154,48,93,155,48,94,156,47,93,155,48,93,156,49,93,153,49,93,154,49,93,155,48,93,155,47,93,155,46,94,156,45,93,155,47,93,155,49,94,154,46,95,154,48,94,155,50,92,156,48,93,156,47,94,156,48,94,154,48,94,154,47,95,153,46,94,153,46,94,156,51,94,156,49,94,155,46,94,153,45,94,154,46,94,156,45,93,155,45,93,155,46,94,156,48,94,154,47,94,154,48,94,156,49,95,156,48,94,154,48,94,154,48,94,155,48,94,156,46,94,156,46,94,155,46,94,154,46,94,156,48,95,157,47,95,155,47,95,154,47,93,155,47,94,156,46,94,156,49,95,156,49,93,154,49,93,154,47,94,154,49,93,155
47,91,152,47,91,152,47,91,152,47,91,152,48,92,153,47,91,152,49,92,154,49,90,152,50,91,153,49,92,153,47,93,153,47,92,153,48,92,153,49,92,153,47,92,152,47,91,153,48,93,155,48,92,154,49,93,153,43,90,154,95,115,145,145,161,115,118,124,128,71,91,149,51,91,151,45,96,154,50,94,154,51,91,158,51,92,152,48,92,154,47,94,155,47,93,153,48,92,153,48,94,154,47,94,154,48,94,154,48,93,154,48,94,154,48,94,154,48,94,154,49,93,154,50,92,154,47,93,155,46,94,156,46,93,155,47,94,156,48,94,154,48,93,154,47,93,155,48,94,156,47,95,157,46,94,156,45,93,155,45,93,154,48,94,154,46,95,153,48,94,155,50,92,156,48,93,156,47,93,155,48,92,153,48,92,153,49,94,154,48,93,155,47,93,155,48,93,154,48,93,153,48,94,154,47,95,155,46,94,156,45,93,155,47,94,155,47,94,155,48,94,154,47,93,153,48,94,156,49,95,156,48,94,155,47,93,154,47,93,154,48,94,155,46,94,155,44,93,155,45,93,155,47,94,156,48,94,156,47,94,154,47,95,154,47,94,155,46,94,155,46,94,156,47,95,157,48,94,156,49,93,156,48,94,154,48,94,155
48,92,153,47,91,152,47,91,152,47,92,152,47,93,153,46,92,152,48,92,153,48,91,153,48,92,153,48,92,153,48,92,153,48,92,153,48,92,153,48,92,154,48,92,154,48,92,153,48,92,153,48,92,153,50,93,154,45,89,155,93,106,147,163,168,101,167,172,79,131,134,120,82,96,148,53,92,154,49,91,154,49,94,152,48,92,152,49,94,158,45,92,156,46,94,153,49,93,154,50,92,154,47,93,153,48,94,154,49,95,155,48,94,154,48,94,154,48,94,154,49,93,154,49,93,154,47,94,155,46,94,156,46,93,155,47,94,156,48,94,155,48,94,155,49,95,157,47,93,155,45,93,155,45,93,155,46,94,156,46,94,155,46,94,153,47,94,154,48,94,155,49,93,156,47,93,155,49,94,155,49,93,154,49,93,155,49,95,157,49,94,156,48,94,154,45,93,153,47,93,154,49,93,156,48,92,155,46,94,156,45,93,155,47,93,153,47,93,153,47,93,153,47,93,155,47,93,155,48,94,156,48,94,156,48,94,156,47,93,154,48,94,154,46,95,154,45,93,154,46,93,155,49,95,157,48,94,156,48,94,156,49,95,156,46,94,153,46,95,154,46,94,156,47,95,157,47,93,155,48,94,155,49,94,154,48,95,156
47,91,152,46,90,151,47,91,152,48,93,153,46,92,152,46,92,152,47,92,153,48,92,153,48,93,153,48,92,153,48,92,153,48,92,153,48,92,153,48,92,154,48,92,155,48,92,153,48,92,153,48,92,153,50,92,154,44,94,153,73,94,149,158,155,128,180,176,85,176,175,72,146,151,105,96,103,144,61,89,156,44,93,156,46,94,159,47,94,148,44,94,153,47,95,154,50,92,154,50,92,154,47,93,153,48,93,154,48,94,154,48,94,154,48,94,154,48,94,154,48,94,154,48,94,154,48,94,155,48,94,155,47,93,155,48,94,156,47,93,155,48,94,156,47,93,153,48,94,154,49,95,155,49,95,155,47,93,153,46,94,153,47,94,154,48,94,154,48,94,155,47,93,155,47,94,156,48,94,155,48,95,155,48,95,157,47,94,155,46,94,154,46,96,154,46,94,155,48,94,156,49,93,156,48,92,154,47,94,155,46,93,155,48,94,154,47,93,153,48,94,154,48,94,156,47,93,155,48,94,156,48,94,156,48,94,156,48,94,154,48,94,154,46,95,154,47,94,155,48,94,156,48,94,156,49,95,157,48,94,156,48,94,155,46,94,153,46,95,154,47,94,156,47,95,157,46,94,156,46,94,156,49,94,157,48,95,156
48,90,152,47,91,152,47,91,152,48,92,153,46,92,152,47,93,153,47,92,152,47,92,153,46,94,153,48,92,153,49,92,153,49,93,154,48,92,153,48,92,154,48,94,154,49,94,154,49,92,153,48,92,153,49,93,154,48,93,157,58,89,150,140,146,132,176,178,109,177,175,84,180,175,68,160,158,91,108,116,135,66,92,155,51,91,155,47,92,154,47,95,155,49,94,154,48,92,153,48,93,153,48,94,153,49,92,153,49,92,154,47,93,153,47,93,153,47,93,153,47,93,153,47,95,154,48,93,154,49,94,154,47,93,155,49,94,156,48,93,156,49,94,156,49,95,155,47,93,153,47,92,153,48,93,153,49,94,154,48,95,155,47,94,154,50,94,155,48,93,154,45,94,155,46,93,155,46,93,155,46,94,156,48,95,155,47,94,153,47,94,153,47,94,155,49,93,154,49,93,154,48,94,154,48,94,153,48,94,154,48,94,154,49,95,155,48,94,155,48,94,156,48,94,155,48,94,154,48,94,155,48,94,156,48,94,155,48,94,154,48,94,154,46,95,154,47,94,155,48,94,156,47,94,156,47,94,156,48,94,154,47,94,153,46,93,154,48,94,155,48,94,156,48,94,156,46,93,155,45,93,155,48,94,156,48,94,155
49,90,152,48,91,152,47,91,152,48,92,153,47,91,152,48,93,154,47,92,152,47,92,153,46,94,153,48,92,153,49,92,153,50,93,154,49,93,154,46,93,154,47,94,154,48,94,154,48,93,153,49,93,154,49,93,154,47,93,154,49,88,152,126,130,140,177,176,118,175,173,104,181,173,96,176,175,69,168,166,80,127,130,125,72,95,148,51,88,156,49,95,154,47,93,154,48,92,154,47,93,154,48,94,155,49,92,153,49,92,152,47,93,153,47,93,153,47,93,153,47,93,153,47,95,154,47,94,154,48,94,154,47,94,155,47,94,156,47,94,156,46,94,156,47,93,154,48,92,153,49,93,154,50,94,155,49,94,155,47,94,155,47,95,155,49,94,155,47,93,154,44,94,155,46,93,155,47,93,156,48,94,156,49,95,155,49,95,154,50,94,155,48,92,155,50,92,154,49,93,153,47,94,154,47,95,155,49,95,155,49,94,154,47,94,154,47,93,155,48,94,156,48,94,155,48,94,154,49,93,154,48,94,155,48,94,154,48,94,154,48,94,154,46,95,154,47,94,154,47,96,155,47,95,157,46,94,156,48,95,154,50,95,155,49,95,156,49,95,157,48,94,156,48,94,155,46,92,153,45,94,154,48,94,156,48,93,154
46,92,152,48,92,153,49,92,153,47,91,152,47,93,153,48,92,153,47,93,153,46,94,154,49,93,154,49,93,154,49,93,154,47,93,153,47,93,153,47,93,153,48,92,153,47,93,153,48,93,153,47,93,153,47,93,153,46,93,153,48,89,156,103,113,144,171,172,120,180,175,103,178,174,103,178,175,96,181,171,81,176,172,65,138,142,110,88,99,147,55,90,151,48,94,155,48,93,158,46,94,154,51,92,156,49,93,153,45,95,150,49,93,154,47,93,155,48,94,156,49,95,156,48,93,153,49,95,154,47,93,153,48,93,154,48,93,155,49,95,156,47,93,153,46,94,157,46,93,154,48,94,154,49,93,154,48,94,156,46,94,156,47,95,154,47,94,156,47,95,157,48,94,155,49,95,155,48,94,156,48,94,156,49,95,156,48,94,154,48,94,154,48,94,154,48,94,154,50,92,154,46,94,153,45,94,153,50,93,155,47,93,153,49,93,156,48,94,156,46,95,156,45,95,154,46,94,154,47,94,154,45,94,156,46,94,156,46,94,156,48,95,157,48,93,154,47,93,154,47,95,155,47,95,155,48,94,154,49,94,155,49,93,154,49,94,154,48,94,154,49,95,156,49,95,157,48,94,156,49,95,157,49,94,156,48,94,154
47,92,153,47,93,153,47,94,154,45,93,153,46,93,153,49,93,154,49,91,152,47,92,152,48,92,153,48,92,153,48,92,153,47,93,153,47,93,153,47,93,153,48,92,153,48,92,153,49,93,154,49,93,154,49,93,154,47,95,152,45,90,157,84,101,147,162,165,127,175,175,102,180,176,102,182,173,103,182,171,101,177,174,88,173,170,73,153,153,102,97,113,142,64,89,153,47,91,152,47,95,154,52,95,153,48,93,157,49,93,155,48,93,153,48,94,155,48,94,156,48,94,154,48,94,154,47,93,153,48,94,154,48,94,156,48,94,156,48,94,155,48,94,154,46,94,155,48,94,154,48,94,154,48,92,153,48,93,154,47,94,156,47,93,155,48,94,156,48,94,156,48,94,156,48,94,154,48,94,155,48,94,155,48,94,154,48,94,154,48,94,154,48,95,155,49,93,154,48,94,154,48,95,155,47,94,155,47,93,155,50,94,156,49,93,156,48,94,156,47,94,156,47,94,154,48,94,154,47,94,154,47,94,155,46,94,156,46,94,156,48,94,156,48,94,154,49,94,156,49,93,156,47,93,153,48,94,154,46,94,153,47,96,155,46,93,154,47,94,156,46,94,156,47,94,156,48,94,155,46,93,154,46,93,155,47,94,155
48,92,153,47,93,153,48,92,153,47,93,153,47,93,153,49,92,153,49,91,153,47,93,153,48,92,153,49,93,154,48,92,153,47,93,153,48,94,154,48,93,154,48,92,153,48,92,153,48,92,153,48,92,153,48,92,153,46,94,153,47,93,158,65,92,151,151,154,133,176,177,104,181,174,101,180,177,103,176,176,108,170,164,90,173,169,76,178,171,63,160,167,91,112,128,134,69,93,151,52,91,155,44,94,155,50,93,154,50,91,153,48,94,154,48,94,155,48,94,156,48,94,154,48,94,154,47,94,156,48,94,156,47,93,155,49,95,157,49,95,156,47,93,153,47,94,154,48,94,154,49,95,155,47,93,153,48,94,154,48,93,155,47,93,156,48,94,156,48,94,156,48,94,156,49,95,157,47,93,154,47,93,153,48,94,154,47,93,153,48,94,154,48,94,153,49,92,155,45,93,155,49,94,157,48,93,156,45,93,155,50,93,156,49,93,154,49,93,154,49,95,155,48,94,156,48,94,156,48,94,155,48,94,155,48,94,156,48,94,156,48,94,155,48,94,154,49,95,156,48,94,156,47,93,154,48,94,154,48,94,154,49,94,154,46,93,154,45,93,155,47,94,156,48,94,155,48,94,154,48,93,154,46,94,156,46,94,156
48,92,153,47,92,152,48,90,151,47,92,152,47,93,153,47,91,152,47,92,153,46,94,154,47,91,152,48,92,153,48,92,153,48,92,153,47,93,153,47,93,153,48,92,153,48,92,153,49,93,154,48,93,154,48,93,154,49,93,156,48,92,154,54,88,151,136,140,139,181,180,110,182,173,103,178,177,99,169,168,97,157,126,59,159,145,57,169,160,59,172,169,55,168,169,74,128,139,124,79,98,150,55,91,154,46,95,157,48,94,152,47,94,153,47,93,153,47,93,154,47,94,154,47,94,153,45,93,155,48,94,156,48,94,155,48,94,154,48,94,154,48,94,154,48,94,154,48,93,153,47,94,155,48,94,155,48,94,154,48,93,154,48,94,156,48,94,156,48,94,155,48,94,155,50,94,157,49,94,155,48,94,154,48,94,154,48,94,154,49,95,155,49,95,155,49,94,156,45,94,156,48,95,157,49,94,157,45,94,156,48,93,156,48,92,153,48,94,154,48,94,154,48,94,156,47,93,156,48,94,155,48,94,154,48,94,156,48,94,156,48,94,154,49,95,155,46,94,155,46,95,157,48,95,157,48,94,156,50,94,156,49,92,153,49,93,156,48,92,155,50,94,157,50,94,157,48,92,154,50,95,156,49,95,157,48,94,156
48,92,153,47,93,153,48,92,153,46,93,153,46,92,152,48,91,152,49,92,153,48,92,153,47,91,152,48,92,153,48,92,153,48,92,153,47,93,153,47,93,153,47,93,153,47,93,153,48,94,154,49,95,155,48,94,154,49,94,155,50,94,152,48,89,154,110,120,143,173,170,106,181,175,105,177,174,104,159,142,66,159,147,67,163,159,99,171,163,92,170,165,76,176,165,65,174,173,68,141,150,114,91,104,146,55,89,148,48,94,155,49,94,155,49,94,155,48,94,154,48,94,154,50,94,154,46,93,155,46,94,155,49,95,155,47,93,152,48,94,154,48,94,154,48,94,154,46,94,155,46,94,156,46,93,155,48,94,154,48,93,154,45,93,155,48,94,154,48,94,154,49,93,154,50,94,155,49,94,155,48,94,154,49,95,155,48,94,154,49,95,155,49,94,154,47,95,155,49,95,155,47,95,154,47,95,157,49,95,157,46,93,155,48,94,154,49,95,155,48,94,154,48,94,157,49,95,157,47,94,155,47,94,154,48,94,156,48,94,156,49,93,155,49,95,154,47,94,155,46,94,156,48,94,156,48,94,156,48,94,155,48,94,154,49,93,154,47,93,154,49,95,157,48,94,156,47,93,156,47,95,157,45,95,154,46,94,155
48,91,152,48,93,153,47,94,154,46,93,153,46,92,152,49,91,153,50,92,154,49,92,153,48,92,154,48,92,153,48,92,153,48,92,153,48,92,153,48,93,153,47,93,153,47,93,153,48,94,154,48,94,154,47,93,153,46,93,153,50,93,151,45,89,158,83,99,144,152,149,91,172,171,89,165,156,83,158,141,54,172,169,89,174,168,108,170,167,99,173,170,103,175,170,98,175,165,74,173,170,57,151,159,96,100,112,146,62,90,152,49,92,151,47,94,154,47,93,153,49,92,154,49,92,155,46,94,156,44,93,154,47,94,154,47,94,154,48,95,154,50,94,154,48,93,154,47,94,155,47,94,155,47,93,155,47,94,154,48,94,155,47,94,155,47,95,154,48,94,154,48,93,154,49,93,154,48,94,155,48,94,155,47,94,155,46,93,154,48,94,155,48,94,155,47,95,155,49,94,155,47,95,155,47,95,155,49,93,154,46,94,155,48,94,155,48,94,154,48,94,155,47,93,156,48,94,155,47,93,154,47,95,154,48,94,156,48,93,155,49,94,155,49,93,154,49,94,155,48,94,155,47,93,155,47,94,156,46,94,156,47,95,156,48,94,154,48,94,154,47,94,155,46,94,156,46,94,156,45,94,155,46,94,154,47,94,155
48,92,153,48,92,153,48,92,153,48,92,153,48,92,153,48,92,153,47,93,153,47,94,153,47,92,154,48,92,153,48,92,153,47,93,154,48,92,153,50,92,154,48,92,153,48,92,153,48,94,154,48,94,154,47,93,153,47,92,156,48,92,153,45,95,154,61,89,147,136,127,96,155,153,65,157,134,48,165,158,82,177,176,98,178,170,97,172,164,98,172,168,100,174,170,103,176,169,104,171,164,85,170,166,69,153,160,86,110,123,138,68,92,151,48,89,158,46,92,156,51,92,155,49,93,155,45,95,154,47,94,154,47,93,154,45,95,155,45,93,154,50,92,155,49,93,155,48,94,154,48,94,153,50,94,153,48,94,154,46,93,155,49,94,156,48,94,155,48,94,155,48,93,154,49,93,154,48,94,154,48,94,156,47,94,156,45,93,155,48,94,156,48,94,157,48,94,155,49,95,157,49,95,157,49,95,157,49,95,155,48,94,155,48,94,157,48,94,156,48,94,156,48,94,155,48,94,154,49,94,155,49,95,155,48,94,154,48,94,154,48,94,154,48,94,154,48,94,154,48,94,154,47,94,155,46,94,156,47,94,156,49,95,157,49,94,154,48,94,154,49,95,155,48,95,155,47,94,156,47,94,156,50,94,156,49,94,154
48,92,153,47,93,153,48,92,153,48,92,153,48,92,153,48,92,154,47,93,154,46,92,154,46,92,152,48,92,153,48,92,153,48,94,154,49,93,154,50,93,154,49,92,153,48,92,153,49,93,154,49,93,154,49,93,154,48,92,157,47,92,150,44,95,152,51,93,159,108,105,108,135,122,52,147,130,34,167,162,74,179,173,102,174,174,97,173,167,102,169,161,105,167,162,102,166,162,103,166,160,108,166,159,103,167,163,79,166,167,79,129,137,122,80,95,151,54,90,154,46,95,157,47,92,155,49,93,154,50,93,156,50,92,153,49,93,153,48,95,155,49,93,156,48,93,155,48,94,155,47,93,153,48,92,153,48,94,155,47,94,156,47,94,156,49,95,157,48,94,156,47,93,155,48,94,154,49,93,154,49,93,154,48,94,154,47,95,154,46,95,154,46,94,155,48,94,154,48,94,154,48,94,155,48,94,156,49,95,157,49,95,155,46,94,156,46,94,155,48,94,154,48,94,154,48,94,154,49,95,155,49,95,155,48,94,154,47,93,154,48,94,154,48,94,154,48,94,154,48,94,154,48,94,156,48,94,156,48,94,156,49,95,156,48,94,154,48,94,154,49,95,155,49,95,156,47,93,155,47,93,155,48,95,157,48,94,156
47,93,153,47,93,153,50,91,153,49,91,153,48,92,153,47,92,154,46,92,155,46,92,155,46,92,152,48,92,153,47,91,152,48,94,154,47,94,153,49,92,154,51,92,154,49,93,154,49,93,154,49,93,154,49,93,154,46,95,153,50,93,154,47,93,157,51,94,156,90,97,119,130,113,64,147,151,76,158,149,64,165,157,64,165,160,87,162,155,86,160,152,82,158,150,87,158,153,91,156,153,88,159,151,92,164,155,85,168,162,59,169,171,56,139,150,113,88,104,147,58,88,151,47,95,153,45,94,156,47,94,155,46,93,152,49,94,153,48,95,155,47,93,155,49,94,157,46,94,154,47,93,153,49,94,154,49,93,156,47,93,155,47,94,156,48,94,156,48,94,156,48,94,156,48,94,156,48,93,154,49,93,154,49,94,154,47,95,154,46,95,154,45,94,153,47,95,155,49,95,155,48,94,156,48,94,156,48,94,157,48,94,156,46,95,154,45,95,153,48,94,154,48,94,154,48,94,156,48,94,156,49,95,157,48,94,156,49,95,157,48,94,156,48,94,156,47,95,156,47,93,155,49,93,156,49,93,156,49,93,155,47,93,153,49,95,154,48,94,155,48,94,156,49,94,157,48,94,155,48,93,154,47,94,156,48,94,156
48,92,153,48,92,153,51,92,154,49,91,153,47,91,152,46,92,152,47,93,153,48,94,154,47,92,152,48,92,153,47,92,152,47,93,153,47,93,153,49,92,154,51,92,154,49,93,154,48,92,153,49,93,154,49,93,154,48,93,153,48,94,158,50,91,157,66,100,147,85,90,110,94,99,121,141,144,118,156,151,96,147,142,70,131,104,56,132,109,63,145,140,74,146,141,74,151,142,77,154,148,89,155,151,96,163,157,97,166,161,82,173,164,69,172,167,54,153,158,94,100,114,141,61,89,154,50,92,154,46,94,152,45,95,154,46,95,154,49,95,154,48,94,156,50,94,155,47,95,154,45,94,153,49,94,154,49,93,154,48,94,154,49,95,157,48,94,156,48,94,156,48,94,156,48,94,154,48,93,153,48,94,154,48,94,154,49,95,155,48,94,154,48,94,154,49,93,154,48,94,154,48,94,155,48,94,156,49,95,156,49,94,155,47,95,154,47,94,154,48,94,154,48,94,154,48,94,156,48,94,155,49,95,155,48,94,154,48,94,155,49,95,155,48,94,154,48,94,154,47,93,154,48,94,156,49,93,156,48,94,154,47,93,153,49,94,154,48,94,155,48,94,156,47,94,156,48,94,155,49,94,155,48,94,156,48,94,156
50,92,153,51,91,153,49,91,152,48,92,153,47,93,153,47,93,153,47,93,153,49,93,154,48,92,153,50,92,153,48,92,153,47,94,154,47,93,154,49,92,155,49,92,154,49,93,154,47,92,153,49,93,154,49,93,154,48,92,154,47,92,153,59,96,152,77,97,122,80,93,118,52,90,151,81,96,149,129,133,109,126,108,50,112,89,53,110,99,71,130,126,87,145,142,99,146,147,96,148,145,101,154,148,101,159,151,81,167,155,62,171,162,69,173,164,69,175,166,49,161,162,76,115,124,137,68,93,154,52,91,152,48,93,153,48,93,154,48,91,153,49,94,154,49,95,155,48,95,154,45,94,153,47,93,152,49,93,153,49,93,155,48,94,156,48,94,155,48,94,155,48,94,154,48,94,154,47,94,153,47,94,154,48,94,154,48,94,154,48,93,154,51,94,157,49,93,154,48,94,155,48,95,156,48,94,156,48,94,154,49,93,154,49,95,155,48,94,154,49,94,154,50,94,154,49,93,156,49,94,157,49,95,155,48,94,153,48,94,153,48,94,154,48,94,154,50,94,154,49,94,154,48,95,156,48,94,156,49,95,155,47,93,153,49,93,154,49,93,155,48,94,156,47,94,156,47,94,155,48,94,154,48,94,156,47,94,156
48,91,152,49,92,154,50,91,154,47,93,153,46,94,154,48,92,153,50,90,152,48,92,152,52,91,152,46,93,154,49,93,157,46,93,153,45,93,155,48,94,152,49,93,153,50,92,153,49,92,154,47,94,155,48,93,153,52,92,155,51,96,159,73,98,134,80,89,113,62,92,140,54,97,151,73,98,138,98,88,79,114,81,36,130,134,92,124,126,83,126,120,77,135,135,98,149,145,113,149,148,120,153,156,123,160,157,96,166,162,70,168,163,69,172,164,75,173,165,72,173,161,43,168,164,68,126,131,129,74,94,153,55,90,158,51,92,155,46,94,153,48,93,153,50,93,154,45,95,155,49,94,154,50,91,154,47,93,156,48,94,154,49,93,154,48,94,154,48,94,154,48,94,154,49,94,156,47,94,155,46,94,154,48,94,154,48,94,154,47,94,154,48,94,155,48,94,156,48,94,156,48,93,156,48,96,155,45,93,153,48,93,154,50,94,156,47,95,154,47,95,154,47,94,156,48,94,156,48,95,156,47,94,156,48,94,155,48,94,156,49,95,156,49,95,156,48,94,156,47,94,155,46,93,155,48,94,156,49,95,157,47,94,155,49,92,155,48,94,156,46,93,155,47,94,156,49,94,156,49,93,155,49,93,156,47,94,156
47,91,152,48,92,153,49,91,152,48,91,151,46,92,153,43,93,153,47,93,155,48,92,154,44,93,156,46,94,153,50,91,155,50,94,149,48,94,154,44,92,155,50,93,154,49,93,154,49,92,153,47,93,153,48,95,155,55,91,151,64,98,142,80,91,114,73,89,129,60,98,152,76,100,134,96,95,79,103,80,37,82,82,97,106,119,122,126,124,88,127,124,84,132,121,87,131,130,97,127,138,120,128,129,114,147,153,104,158,163,93,164,160,95,167,163,93,169,172,95,170,170,77,169,161,41,173,164,55,140,143,109,86,100,148,54,91,152,49,92,157,52,91,155,48,95,154,47,95,152,48,94,154,45,95,154,46,95,158,47,94,153,46,94,154,49,93,154,51,92,154,50,93,154,47,94,154,45,95,154,48,94,154,49,93,154,48,94,154,46,95,154,47,95,154,49,93,156,48,94,156,46,95,155,49,93,153,50,92,154,44,94,154,50,94,156,48,94,154,47,95,154,46,94,156,48,94,156,47,94,155,46,94,156,48,94,156,49,94,156,49,95,157,49,95,157,46,93,155,47,94,156,48,94,156,47,93,155,48,94,156,47,94,155,48,92,155,48,94,156,46,93,155,47,94,156,49,94,156,49,93,156,49,94,157,46,94,156
46,92,152,47,90,152,46,93,151,46,91,152,49,92,153,48,92,155,47,94,156,47,93,151,47,92,155,51,92,153,48,93,153,49,95,155,46,92,155,50,94,157,49,93,155,46,93,156,47,95,153,50,92,153,47,92,156,58,97,152,76,94,119,76,87,116,68,98,147,76,99,126,95,87,92,99,88,74,91,87,80,74,96,134,76,93,122,103,104,122,128,134,113,125,133,97,117,126,101,96,108,102,72,56,67,80,69,64,76,54,43,69,39,31,68,44,30,91,60,43,138,110,70,165,167,84,166,160,50,170,162,42,151,151,97,92,106,145,61,91,156,49,93,154,45,93,157,50,95,156,46,95,158,45,95,148,51,91,156,50,91,157,49,95,155,48,94,154,48,94,154,49,94,154,49,94,154,46,93,155,47,94,156,49,93,154,49,95,155,48,95,155,46,93,156,48,93,156,46,96,154,46,96,155,50,95,154,50,95,156,47,95,154,49,93,155,48,94,154,49,95,155,49,95,157,47,93,155,47,93,154,47,94,156,48,94,156,48,94,156,48,94,156,48,94,156,48,94,156,49,95,156,49,95,156,48,94,154,48,94,154,49,95,155,49,94,154,50,94,155,49,94,154,49,94,154,48,94,154,47,94,154,47,93,154,47,94,155
47,93,153,49,91,153,47,92,154,46,93,157,49,94,154,50,91,154,49,92,154,64,91,145,73,92,149,55,93,153,46,95,155,47,92,154,46,95,152,47,92,148,50,92,154,45,93,156,46,94,153,49,93,157,49,94,157,60,88,134,77,82,100,76,94,137,78,99,122,85,89,91,91,91,104,91,88,90,75,89,122,74,99,134,74,90,128,62,91,148,71,107,146,92,101,102,72,56,52,84,85,96,61,82,98,44,50,64,26,28,46,15,16,35,11,15,30,11,11,31,24,10,25,102,70,47,159,160,79,167,155,45,171,157,35,153,150,81,100,111,129,60,93,154,50,94,153,49,91,153,46,93,158,50,93,151,51,92,153,46,94,152,50,93,155,48,94,154,46,95,154,48,95,154,49,93,153,49,94,156,48,94,156,48,94,154,49,95,155,49,95,155,47,94,156,49,94,158,53,92,155,49,95,155,47,95,157,46,93,156,47,95,155,49,93,155,48,94,154,49,95,155,49,95,157,49,95,157,49,94,155,47,94,156,48,94,156,48,94,155,48,94,154,48,94,154,48,94,154,48,94,154,48,93,153,47,93,153,48,94,154,49,94,154,48,94,154,49,93,154,49,93,154,50,94,155,49,95,155,47,95,155,47,93,153,49,95,155
47,93,153,50,92,153,49,92,154,50,91,157,45,93,151,43,94,153,47,94,154,94,88,139,126,72,85,101,90,125,57,95,152,53,89,156,49,91,156,48,92,150,49,91,153,48,94,154,48,91,152,48,93,157,62,97,147,73,84,117,76,91,122,85,98,111,86,82,93,81,91,122,82,93,108,79,85,107,71,99,135,76,92,124,62,94,142,48,96,148,39,63,117,31,22,55,18,4,17,67,66,73,93,132,141,59,63,79,44,48,56,33,38,48,33,35,45,30,45,46,19,35,46,29,11,33,118,87,48,161,155,62,161,154,49,164,147,36,149,137,39,106,108,111,66,97,149,54,93,156,47,95,153,48,94,157,50,93,157,49,95,155,47,94,154,49,93,154,51,91,153,50,93,154,48,95,154,48,95,155,48,94,155,47,95,154,49,95,155,50,94,156,47,94,156,43,96,155,45,99,154,46,97,154,44,93,155,46,95,159,50,94,156,50,95,157,49,95,155,48,94,154,48,94,156,48,94,156,48,95,155,47,94,155,48,94,154,49,95,155,48,94,154,48,94,154,48,94,155,48,94,155,48,94,155,48,95,154,49,95,155,49,95,155,48,94,155,47,93,154,47,94,155,48,95,155,48,94,155,49,96,156,47,95,155,49,95,156
47,91,152,49,92,153,47,93,151,49,91,155,48,92,150,49,93,155,45,92,155,93,96,144,149,87,76,136,81,71,96,110,142,63,98,153,51,93,157,49,92,155,49,93,155,49,93,153,54,90,152,52,96,157,72,94,127,88,91,107,88,93,101,84,83,89,71,90,130,75,97,128,76,84,102,72,94,134,71,94,125,70,90,132,57,97,152,42,72,122,27,23,54,20,19,34,30,29,44,50,49,54,80,83,87,65,67,77,61,74,75,56,69,63,41,45,54,41,48,55,27,38,45,29,32,47,79,45,35,155,143,66,160,160,82,157,147,60,142,127,17,139,117,27,112,100,93,75,96,148,51,95,154,51,92,155,48,95,153,45,93,154,49,94,154,48,94,154,47,94,154,47,93,154,49,94,156,50,93,155,48,94,154,46,95,154,48,94,154,50,94,155,46,95,154,46,94,152,46,65,128,48,83,141,44,100,158,53,93,158,49,93,155,48,94,155,48,94,154,49,95,155,49,95,157,48,94,156,48,94,154,48,94,154,48,94,154,48,94,154,49,95,155,49,95,155,48,94,155,46,94,156,46,94,157,46,94,155,47,94,154,48,94,154,49,95,157,47,93,156,45,94,156,45,95,156,47,93,155,49,94,157,46,94,156,48,94,156
47,93,153,48,93,154,48,92,152,49,91,152,48,92,152,49,94,154,44,91,151,79,93,153,147,102,104,148,96,80,126,102,107,110,93,114,78,93,149,54,93,154,50,92,155,50,94,155,52,94,159,66,96,142,89,90,95,93,88,79,86,80,88,67,90,131,64,98,143,80,84,101,72,87,124,69,97,132,71,88,126,57,94,148,60,94,148,40,40,82,19,22,36,26,41,58,52,71,86,99,109,101,104,128,97,81,89,79,73,77,71,73,84,77,59,72,78,37,46,61,30,37,51,36,32,43,62,24,31,143,118,57,160,159,84,147,139,60,136,118,42,138,122,4,135,114,15,115,99,67,84,102,132,59,92,155,49,95,156,45,95,153,50,93,156,48,93,154,46,95,156,47,94,153,51,93,153,47,94,158,46,94,154,47,94,151,49,94,153,45,94,155,48,93,156,52,96,159,43,62,122,33,33,80,45,92,147,48,96,153,46,93,158,50,94,155,50,94,155,48,94,154,48,93,153,46,95,154,47,95,155,49,95,155,48,94,154,48,94,154,49,95,155,49,95,157,48,94,156,47,94,156,48,94,156,48,94,156,47,93,155,48,94,155,48,94,156,48,94,156,49,95,157,48,94,156,49,95,157,48,94,155,45,93,155,47,94,156
48,92,153,47,91,152,47,93,153,45,94,154,44,94,153,46,94,154,44,94,153,66,93,155,139,103,118,159,102,82,154,104,82,145,82,50,130,80,82,87,102,147,58,93,154,48,92,151,60,95,152,85,89,103,94,78,51,81,81,83,64,92,138,59,98,156,74,91,117,76,82,109,68,96,136,71,90,125,60,91,141,54,92,154,76,99,145,49,33,63,27,27,45,42,50,63,69,70,79,94,103,83,111,118,77,92,102,77,78,82,74,73,83,84,60,79,89,52,63,82,53,55,73,44,32,45,59,12,19,126,96,32,159,166,83,131,108,45,114,88,33,120,97,25,136,117,15,129,113,8,119,98,42,95,100,107,67,90,140,50,92,155,46,100,158,48,95,153,50,93,156,49,94,153,47,95,156,50,93,158,48,93,156,47,94,154,49,94,157,49,93,156,47,95,153,50,96,158,44,107,166,32,44,93,40,48,91,48,101,153,49,95,153,49,93,155,50,94,156,49,95,156,49,95,155,46,95,155,47,95,156,50,95,155,48,94,154,48,94,154,49,95,155,49,95,157,48,95,157,46,94,156,47,94,156,48,94,155,48,94,155,48,94,154,48,94,156,48,94,156,49,95,157,48,94,156,49,95,156,48,94,154,46,94,156,46,94,156
48,92,153,48,92,153,49,91,154,47,94,154,47,93,152,50,91,153,49,93,155,54,89,156,126,97,128,165,110,88,168,106,76,168,105,72,160,86,43,142,86,68,110,100,135,66,97,155,68,91,132,88,69,61,80,75,85,64,94,139,54,95,153,69,92,134,76,80,105,69,91,127,74,91,125,69,89,131,51,97,150,44,91,150,104,106,151,92,67,79,52,29,51,54,61,65,77,103,88,77,96,80,83,88,75,82,90,84,69,82,83,71,78,85,67,75,87,63,67,83,59,57,70,57,39,52,74,47,52,121,116,55,138,130,64,127,93,40,127,122,56,121,104,51,120,91,30,128,110,24,129,109,12,122,105,22,108,100,69,74,72,107,52,72,127,48,91,153,48,98,159,48,93,155,47,97,156,49,93,152,45,94,155,49,95,159,45,95,159,48,97,156,56,94,149,70,76,129,61,85,136,51,67,118,38,15,46,37,45,80,45,89,147,48,95,158,48,94,156,48,94,156,48,94,157,48,94,156,47,94,156,50,94,155,48,94,154,48,94,154,49,95,155,46,94,156,46,94,156,46,94,156,47,95,156,48,94,154,48,94,154,49,95,154,48,94,156,48,94,156,48,94,156,48,94,156,49,95,155,48,95,155,45,95,156,46,94,156
48,92,153,49,91,153,48,92,154,46,92,152,47,94,153,48,92,153,49,91,154,47,92,156,111,97,137,162,108,94,171,112,81,170,110,80,169,104,73,162,87,46,150,81,44,119,100,115,89,68,83,76,74,98,55,95,147,47,94,156,63,96,149,75,84,105,76,84,118,70,94,134,70,88,126,54,93,149,50,94,153,42,92,155,87,97,150,148,111,113,114,71,65,85,75,67,76,68,62,66,46,58,62,55,68,64,72,81,74,73,86,71,64,70,74,70,72,72,61,64,63,58,62,55,48,56,73,65,73,106,105,105,116,90,56,119,96,42,145,135,63,140,131,60,117,99,40,121,103,45,123,99,32,124,107,11,117,101,13,111,93,49,85,80,86,60,56,104,51,68,124,52,90,150,46,98,152,46,97,155,44,97,155,45,98,152,48,92,144,55,90,134,52,68,108,67,23,53,62,19,46,53,23,44,44,18,24,31,15,42,41,76,131,48,97,159,48,94,155,48,94,155,48,94,155,48,94,155,47,94,155,49,94,155,48,94,154,49,95,154,48,94,154,46,94,156,46,93,155,47,95,154,49,95,155,48,94,154,47,93,153,49,95,154,48,94,156,48,94,156,48,94,154,48,94,154,49,95,155,47,94,154,46,94,156,46,94,156
48,92,153,48,92,153,45,94,153,47,93,153,46,93,153,44,95,154,48,92,153,45,92,155,90,93,144,152,105,100,170,109,81,169,114,79,171,110,79,167,104,76,164,90,53,150,83,41,131,113,73,88,98,122,53,91,153,54,98,155,75,87,118,78,81,105,69,95,135,69,88,124,62,90,138,51,93,155,49,95,155,47,90,154,64,93,157,136,111,126,148,92,64,133,81,60,109,65,56,90,63,56,83,63,57,80,70,62,77,64,64,77,64,64,77,62,60,74,60,58,60,56,57,47,45,53,47,50,60,72,61,76,125,106,75,140,140,76,144,127,56,147,136,51,130,109,42,117,103,41,111,92,32,114,97,24,112,99,17,111,94,16,112,106,35,101,118,99,66,79,121,54,56,111,46,71,129,40,87,141,38,62,118,32,48,94,28,42,75,37,30,55,41,37,48,37,21,32,43,14,27,47,14,28,51,21,28,35,22,45,46,69,124,47,98,157,47,94,154,49,95,155,48,94,154,48,94,154,47,94,155,48,94,154,49,95,155,48,94,154,49,95,155,47,94,156,48,94,155,48,94,154,48,94,154,48,94,154,47,94,154,47,94,156,48,94,156,48,94,155,49,95,155,48,94,154,47,95,155,46,95,154,47,94,156,46,95,155
48,92,153,47,92,152,47,92,153,51,92,154,49,90,154,46,95,155,52,92,154,46,92,152,70,94,150,141,101,104,168,109,80,174,110,83,174,112,84,168,112,81,165,107,79,163,94,63,157,90,31,140,128,74,94,106,136,79,85,125,76,80,95,79,89,121,77,90,120,68,91,126,60,93,139,56,93,148,58,93,151,52,97,144,54,92,151,105,99,143,140,86,75,145,84,60,128,81,63,114,67,55,103,69,64,94,62,59,86,63,57,79,61,54,69,55,53,60,48,51,43,43,47,32,33,41,33,31,41,44,22,36,88,48,27,151,157,87,120,105,58,123,97,38,121,108,47,113,91,31,106,84,26,108,97,40,110,89,28,107,94,24,114,97,12,122,113,16,123,131,86,93,115,141,45,44,86,20,17,43,12,17,38,14,17,37,11,23,39,11,18,30,22,16,30,27,21,30,34,14,32,41,17,52,43,46,88,46,73,127,51,86,148,47,96,155,47,95,154,49,95,155,50,96,156,49,95,155,48,94,155,48,94,154,49,95,155,48,94,154,49,95,155,48,94,155,49,94,156,48,93,154,47,93,153,48,94,154,47,94,156,45,93,155,48,94,155,48,94,154,49,95,155,47,94,154,46,95,155,46,94,154,48,95,157,46,94,154
48,91,153,48,92,153,48,91,153,46,93,152,47,93,153,50,92,154,50,93,154,46,93,154,64,91,154,131,99,117,168,106,78,169,110,78,172,115,85,173,113,82,168,110,82,164,105,71,166,95,67,158,87,37,147,121,62,116,110,90,84,82,116,73,91,126,70,87,121,62,93,143,55,94,146,56,92,145,58,93,149,59,95,145,54,93,142,81,94,147,130,107,112,125,87,73,119,71,64,105,66,58,95,70,67,82,56,52,76,52,48,55,48,45,46,34,41,37,31,42,27,29,35,24,22,29,30,22,28,40,18,30,60,18,23,126,105,51,120,128,74,91,76,53,83,55,31,99,79,29,96,88,33,96,78,34,96,83,23,101,87,35,102,89,33,101,92,25,121,107,28,130,136,66,111,113,87,57,42,49,32,14,31,19,21,36,15,17,33,16,18,35,17,16,37,32,23,54,39,61,110,42,82,135,49,95,155,46,99,160,48,94,154,50,93,154,49,95,155,48,94,154,48,94,154,48,95,154,48,95,154,48,95,155,46,96,154,47,95,154,49,95,155,47,95,154,48,95,156,45,94,154,45,96,153,48,94,154,49,93,154,47,95,153,48,95,154,48,94,154,47,93,153,48,94,155,48,95,157,46,94,156,46,94,156,47,94,156
48,90,152,47,92,153,47,91,152,47,92,152,47,93,153,49,92,153,50,92,154,47,93,154,51,91,155,115,95,127,163,104,81,169,110,76,170,112,81,172,114,85,162,104,84,155,87,60,165,101,69,168,103,75,157,87,43,150,109,42,122,124,105,78,89,119,60,88,137,51,94,156,48,94,155,48,93,153,50,92,156,48,95,155,45,92,154,81,93,154,126,106,112,111,107,102,72,54,67,63,43,47,51,43,47,46,40,49,36,35,46,31,35,47,24,28,38,25,29,37,27,28,35,30,23,32,42,17,29,47,18,26,49,29,33,83,57,37,109,97,47,84,59,27,69,39,28,88,63,29,98,90,44,72,39,31,80,60,25,96,93,40,89,78,34,88,77,31,101,97,35,121,112,32,137,136,49,131,144,82,94,81,71,51,34,56,37,32,60,35,50,87,39,69,118,43,70,120,48,97,159,47,98,157,47,95,152,41,95,152,49,94,153,49,93,154,48,94,154,48,94,154,48,93,154,50,94,155,50,94,155,49,94,154,47,96,155,49,95,155,48,93,153,48,94,155,48,95,154,46,95,154,46,95,154,48,95,155,49,94,154,46,94,153,47,94,154,49,95,155,47,93,155,49,95,157,46,93,155,46,94,156,46,94,156,47,94,156
49,91,153,47,92,153,49,91,152,48,93,153,47,93,153,48,92,153,50,91,153,48,92,153,45,93,156,89,88,137,147,89,77,167,105,70,172,111,73,171,113,82,168,109,81,162,99,73,165,106,70,164,109,82,167,108,83,161,93,56,151,101,35,131,122,88,82,101,146,49,90,154,45,94,154,50,94,155,51,88,153,49,94,154,45,92,156,80,96,158,128,111,119,103,78,82,63,63,72,41,50,61,32,33,49,27,35,42,33,31,43,34,28,39,37,31,34,40,30,30,47,33,34,50,40,41,49,22,32,45,44,47,49,47,41,62,41,32,108,99,58,110,99,46,111,112,57,98,89,48,101,97,53,83,70,40,76,69,31,89,76,33,88,74,35,86,85,46,90,92,46,110,101,42,121,114,34,131,127,34,147,147,66,118,129,97,83,91,117,51,84,145,48,99,161,52,98,156,48,95,158,47,93,156,49,93,160,52,94,158,51,92,156,48,94,154,49,95,155,50,94,155,49,93,154,49,93,155,49,93,155,49,94,155,47,95,155,47,92,153,50,94,155,49,94,155,47,94,154,48,95,154,46,93,153,49,94,155,48,94,156,48,94,156,48,94,155,48,94,156,49,95,157,47,93,155,47,95,157,45,93,155,46,94,156,47,94,156
49,91,153,47,93,153,49,91,152,48,92,153,47,93,153,48,92,153,51,91,154,49,92,154,46,93,157,72,83,142,130,83,91,151,90,63,163,102,64,172,112,76,173,113,78,175,112,75,166,114,77,153,106,92,123,67,72,130,64,54,155,97,61,152,92,35,139,123,89,89,105,145,56,90,150,46,94,153,50,94,156,49,93,153,46,93,153,72,95,158,118,99,119,102,50,63,88,54,54,56,64,68,43,35,47,55,35,32,62,36,34,63,36,32,70,35,26,70,36,28,65,34,27,59,45,34,57,42,38,42,46,43,49,51,51,50,16,29,75,37,26,110,108,57,118,115,51,93,86,48,86,70,41,91,75,33,87,81,42,95,82,55,88,81,45,95,89,49,95,90,54,97,91,38,108,106,36,121,117,34,130,125,33,151,144,49,137,149,90,98,122,137,61,92,151,50,88,157,47,94,153,48,97,152,50,94,156,47,93,151,48,94,159,48,94,154,49,94,155,50,94,155,50,94,155,50,94,157,49,95,157,48,95,157,46,94,155,48,93,155,49,93,154,48,93,153,46,94,154,48,94,154,48,94,154,47,95,156,47,94,156,48,93,156,48,93,155,49,95,155,48,94,154,48,94,155,47,94,155,46,94,154,46,94,156,47,94,156
48,92,153,48,92,153,49,90,152,47,92,152,47,93,153,48,92,153,51,92,154,51,92,154,47,93,153,55,91,152,106,68,105,141,90,82,147,88,66,159,96,65,170,109,71,170,110,76,168,107,70,135,63,44,89,26,38,63,9,25,115,53,39,160,100,66,153,85,33,148,121,69,100,117,135,57,93,150,46,91,152,49,91,156,46,93,155,67,95,157,126,101,123,140,86,86,129,73,64,85,67,64,51,35,43,73,44,32,82,38,24,82,38,23,85,37,21,77,35,24,70,31,25,62,45,29,60,44,36,53,39,37,44,32,35,43,14,28,56,34,24,84,71,28,91,76,42,71,84,106,66,85,121,86,89,81,104,95,65,99,83,52,92,84,52,98,86,49,101,101,49,93,93,37,106,98,31,115,108,35,120,113,40,131,126,40,147,139,37,153,152,66,124,138,118,79,104,147,55,91,159,45,92,156,47,94,153,50,96,155,49,95,156,47,93,153,49,95,155,50,94,155,50,95,156,48,94,156,48,94,156,46,94,156,46,94,156,48,95,157,49,93,154,49,94,154,47,94,155,47,93,155,49,94,157,47,95,155,46,95,154,49,93,154,48,93,153,49,95,154,47,93,153,50,96,156,48,95,155,46,95,154,48,94,156,47,94,156
47,91,152,48,91,153,47,92,152,47,93,153,48,93,153,48,92,153,49,92,153,48,92,153,47,92,154,49,93,154,79,74,130,127,88,104,147,98,87,147,87,70,159,96,63,160,99,66,145,77,44,117,42,21,88,28,26,62,24,34,70,8,19,147,85,59,163,105,76,159,84,38,155,115,50,112,125,121,63,99,151,56,94,160,51,95,156,70,95,153,129,86,104,146,84,68,149,87,76,108,77,72,56,38,47,69,34,28,81,37,21,80,35,21,81,33,20,81,43,31,74,42,34,64,43,30,60,49,36,57,29,30,49,16,22,49,14,27,47,25,25,68,55,53,73,71,59,72,75,88,60,78,112,69,75,100,91,91,86,96,90,60,93,89,58,74,66,34,90,81,34,96,91,36,100,94,34,105,103,31,110,106,32,123,122,43,133,128,38,142,139,29,152,153,44,145,151,94,101,119,136,65,94,153,50,93,157,44,96,157,46,93,155,48,93,152,51,95,156,49,94,157,48,95,152,48,95,154,45,93,156,47,93,156,47,95,156,48,94,156,50,94,155,50,95,155,48,95,156,46,94,155,47,94,155,46,94,153,46,95,154,48,94,155,49,94,156,48,93,155,49,94,155,49,94,155,50,96,157,47,94,155,48,95,157,47,94,156
48,92,153,48,92,153,46,93,153,46,93,152,47,92,153,48,92,153,48,92,153,48,94,153,48,92,151,48,93,154,54,91,155,86,93,140,132,96,113,147,98,92,148,96,79,119,65,55,85,31,38,86,36,24,82,31,19,67,28,35,56,6,23,118,55,43,159,112,77,157,103,74,149,84,45,142,104,45,105,103,100,79,74,104,84,65,94,90,69,88,123,77,75,149,95,83,150,94,86,110,79,79,57,38,52,66,27,27,82,35,20,79,34,25,78,34,24,79,38,26,77,50,39,65,41,33,62,55,31,50,26,27,51,32,32,48,29,34,50,24,26,63,57,88,60,95,143,58,81,122,58,80,110,62,71,86,69,70,77,84,72,55,82,74,46,62,57,37,60,53,36,85,80,35,98,90,30,103,101,34,104,97,30,121,116,37,129,124,36,136,132,37,143,136,33,152,149,35,153,159,70,124,140,124,79,101,150,57,92,154,47,93,155,47,95,158,51,95,154,48,95,153,49,95,155,49,95,154,48,95,158,48,94,155,49,94,155,49,95,155,48,94,154,48,94,154,46,93,155,46,94,156,46,96,154,48,95,154,49,95,155,46,93,155,49,93,156,50,94,157,48,93,156,48,94,156,49,94,157,48,94,156,48,94,155,47,94,156
48,92,153,48,92,153,48,91,152,47,91,152,46,92,152,47,93,153,48,92,153,49,93,153,48,94,154,47,94,155,50,90,151,49,91,157,75,94,147,127,95,119,140,105,104,90,63,64,31,17,40,46,26,28,72,29,23,68,28,29,63,29,31,86,35,26,115,55,40,115,50,32,113,46,37,107,39,21,102,44,21,99,41,25,98,40,19,106,51,32,127,75,68,149,94,75,152,110,99,111,84,94,65,45,52,73,32,29,80,34,21,76,33,22,77,34,21,75,35,22,78,45,36,68,38,34,63,54,26,57,50,43,56,52,51,57,51,43,53,32,27,60,37,49,66,108,147,53,98,156,48,95,159,49,96,154,52,93,145,56,87,125,65,78,87,67,62,47,57,48,38,65,61,40,84,82,30,102,96,39,101,95,31,114,108,35,125,119,37,133,128,38,140,133,38,143,137,35,152,141,36,156,157,44,146,155,94,105,116,140,64,94,152,49,91,153,50,94,155,50,93,156,49,94,156,49,96,157,48,95,153,47,95,154,48,96,155,48,95,155,48,94,154,48,94,154,47,93,154,47,93,155,48,94,154,49,95,155,49,95,155,48,94,155,47,93,155,48,94,156,48,94,156,49,95,157,48,94,157,47,93,155,46,92,152,47,94,155
48,92,153,47,91,152,49,91,153,48,92,153,47,92,152,46,92,152,48,93,153,49,92,154,47,91,154,45,94,153,52,91,152,49,95,156,44,90,152,70,95,149,102,98,128,72,43,68,22,17,38,32,23,31,61,34,28,64,33,33,71,32,36,96,53,38,120,66,53,125,70,57,122,69,54,121,65,56,115,60,57,108,55,47,108,54,48,108,50,40,131,76,61,148,80,64,148,105,100,107,90,102,82,48,49,93,47,39,86,36,28,76,33,21,75,33,23,72,33,21,72,37,28,65,34,32,67,53,29,58,54,33,54,39,43,56,47,26,58,47,25,54,15,25,66,68,98,67,108,155,51,97,156,49,97,161,55,95,148,61,87,133,63,80,113,62,73,96,70,80,84,66,64,49,78,74,33,99,93,35,99,94,29,111,103,34,121,113,40,128,122,38,136,130,37,140,134,43,144,136,43,149,141,35,152,151,35,150,158,74,128,140,123,82,103,151,56,91,156,50,93,155,47,97,155,43,95,152,49,96,152,48,94,154,48,94,154,49,94,155,49,93,154,49,93,154,49,94,156,48,94,156,47,94,153,47,95,154,47,95,154,47,95,155,48,94,156,48,94,156,48,94,156,48,94,156,48,95,157,47,94,156,48,94,154,48,94,154
47,93,153,46,93,153,47,93,153,49,93,154,47,91,152,47,91,152,48,92,153,47,92,152,48,91,153,43,93,151,45,94,151,46,92,150,50,92,154,46,91,156,52,95,159,38,45,93,18,18,41,20,21,34,59,36,31,78,44,36,74,22,31,111,45,31,158,112,74,170,115,85,169,114,88,165,109,85,155,101,79,146,90,72,131,75,57,120,62,52,133,78,61,143,79,58,151,93,79,126,91,93,100,55,57,103,55,46,91,39,31,76,34,24,72,31,24,68,32,23,70,35,25,63,31,27,64,53,39,64,57,40,52,29,37,52,43,28,63,56,23,51,22,21,53,32,54,62,88,125,64,95,133,63,78,111,65,75,100,61,79,109,58,86,130,50,92,156,65,103,151,86,90,90,84,75,34,95,90,35,97,94,35,105,97,29,116,111,34,125,120,37,132,126,39,135,130,36,141,134,42,143,135,44,148,140,36,155,148,37,160,157,49,149,157,97,107,124,139,64,92,157,50,89,154,48,93,156,49,94,158,49,93,154,49,93,154,50,94,155,49,93,154,49,93,154,47,94,155,47,94,156,46,94,155,47,96,155,47,96,155,45,94,153,48,94,156,48,94,156,48,94,156,48,94,156,49,95,157,48,95,157,49,95,155,48,94,154
45,92,152,44,93,152,44,93,152,46,94,153,48,91,152,48,90,152,48,93,153,45,92,152,46,91,152,49,93,154,50,91,153,49,93,151,45,93,153,48,91,153,47,96,157,39,76,136,29,31,77,25,15,43,63,31,34,90,51,31,83,29,34,124,56,47,165,108,73,172,112,76,169,111,82,172,113,84,174,114,81,166,105,78,164,97,72,153,88,62,138,83,68,145,87,82,147,90,82,158,101,102,145,96,92,122,63,48,95,40,32,66,30,23,67,29,26,66,32,27,73,34,26,66,33,25,62,44,44,63,62,41,52,36,31,62,49,25,66,57,19,54,37,21,57,34,28,60,63,77,64,73,105,61,80,125,54,91,143,48,97,153,49,97,156,48,93,156,49,96,158,75,97,125,85,82,47,90,87,35,97,94,38,105,95,32,111,105,34,119,115,35,127,122,35,134,127,36,137,134,38,141,136,38,145,137,42,146,139,38,152,143,37,157,151,37,159,164,68,128,143,125,86,105,149,59,90,153,47,93,155,46,94,154,47,95,154,48,96,155,47,94,154,49,94,154,48,94,155,48,94,156,48,94,156,49,94,157,49,94,156,48,93,154,48,93,155,48,94,156,48,94,156,48,94,156,48,94,156,48,94,156,47,94,154,46,93,155
47,92,153,48,92,153,48,92,153,48,92,153,48,91,152,47,92,152,47,93,153,46,93,153,48,93,153,49,92,153,49,91,154,48,92,153,47,92,152,47,93,156,49,93,154,49,95,154,45,87,148,54,74,119,77,54,63,96,51,33,92,33,35,126,59,39,166,111,70,168,108,73,171,111,76,172,112,82,172,112,82,170,106,76,162,98,68,164,97,64,154,97,87,136,97,113,143,104,118,154,108,107,165,102,89,151,76,47,99,38,30,62,27,25,57,27,25,67,29,27,70,32,26,68,31,26,60,43,32,60,62,27,62,48,33,68,54,20,70,61,14,58,47,18,56,27,38,57,80,120,50,97,152,51,95,155,49,94,159,48,94,155,48,95,155,45,94,154,45,93,156,58,94,150,85,82,68,91,82,34,95,89,37,102,94,36,106,102,36,116,111,39,123,116,33,129,124,31,134,130,38,137,132,37,141,136,39,144,138,41,146,140,40,152,140,43,155,148,42,161,160,49,150,157,96,103,120,141,65,93,156,50,90,158,48,94,155,48,95,157,49,96,156,47,95,156,46,95,154,48,93,156,49,94,157,48,93,157,48,94,154,49,95,155,50,94,156,48,93,154,49,95,157,48,94,156,49,95,157,48,94,156,46,93,155,47,94,156
47,91,152,49,91,153,49,91,153,48,90,152,48,92,153,47,93,153,48,92,153,47,92,153,47,93,153,47,92,152,48,92,153,48,92,153,48,92,153,50,91,151,45,91,153,47,96,157,50,94,151,56,99,159,87,90,122,99,60,53,104,40,35,123,68,59,153,94,62,168,110,76,174,106,73,173,111,80,172,112,82,172,107,77,163,100,70,164,98,66,160,104,89,144,114,119,135,101,120,139,104,117,153,91,87,151,81,50,105,46,30,69,27,24,58,27,21,62,30,22,66,32,24,68,30,24,65,37,32,66,59,21,66,58,18,65,59,15,68,62,17,67,57,19,50,20,26,50,74,114,49,99,161,48,94,153,46,96,158,48,93,152,49,93,154,48,94,153,50,94,156,51,95,158,71,87,100,88,84,38,90,88,31,98,91,33,108,99,34,111,106,31,118,114,35,126,121,33,131,126,35,135,129,36,138,132,37,142,136,38,144,138,40,147,141,40,151,142,41,155,147,44,156,156,34,157,164,67,127,138,118,83,101,147,57,91,154,48,95,156,46,94,155,48,93,154,46,95,154,45,95,155,46,95,151,45,92,156,49,95,156,47,94,157,49,93,155,48,93,153,49,95,156,47,93,155,49,95,157,47,93,155,48,94,155,47,94,156
47,91,152,47,91,152,47,91,152,47,91,152,48,92,153,48,92,153,48,92,153,47,92,153,46,93,152,47,93,153,48,92,153,47,91,152,48,92,153,51,93,152,48,92,155,46,91,155,47,93,151,45,95,156,64,94,150,92,81,103,99,50,57,128,81,80,146,90,69,172,110,71,167,111,72,172,110,75,172,112,80,175,111,81,164,102,71,163,98,67,166,109,87,151,111,110,133,104,122,138,117,135,143,96,99,144,84,67,104,40,32,69,25,21,63,25,22,57,30,24,61,31,27,64,29,28,62,31,30,66,54,21,70,60,16,66,53,18,64,52,22,67,58,16,52,30,23,50,44,73,51,96,155,43,95,155,48,95,159,46,95,156,47,94,157,48,94,151,51,94,154,49,96,158,62,93,139,84,79,56,91,84,33,95,91,31,102,94,35,108,102,36,114,110,32,123,116,32,128,122,36,132,127,36,136,130,38,140,134,38,143,137,41,144,139,42,149,142,41,149,143,42,154,144,39,159,149,40,163,161,48,151,153,95,101,117,139,60,91,153,52,92,157,50,93,154,49,93,156,50,93,156,49,93,158,48,92,160,47,95,150,45,95,154,47,93,155,48,94,154,48,94,156,49,95,157,48,94,156,48,94,156,48,94,154,48,94,154
47,91,152,47,91,152,47,93,153,46,92,152,47,91,152,48,92,153,48,92,153,47,92,153,45,93,152,47,93,153,48,92,153,48,92,153,48,92,153,47,92,154,48,91,152,51,92,154,45,94,155,48,94,153,50,91,156,68,95,156,74,78,125,101,89,124,148,99,106,168,109,83,170,110,76,172,110,73,172,109,76,172,110,80,170,106,75,163,100,71,165,106,76,153,110,91,113,84,94,106,69,90,133,94,94,111,63,60,80,23,25,62,30,22,66,29,25,56,27,24,53,34,30,69,50,46,65,46,49,68,62,48,71,67,39,65,47,33,61,44,27,69,58,19,58,43,21,45,15,27,47,70,111,44,100,158,50,93,156,48,93,151,51,94,155,51,93,154,48,94,155,48,94,155,53,96,155,64,91,118,82,84,68,94,86,28,98,93,29,105,96,36,112,104,33,118,111,33,123,117,35,128,122,35,132,127,36,137,130,37,141,135,40,143,135,42,143,140,42,149,143,41,153,145,48,154,146,45,157,147,40,162,155,38,160,164,69,126,132,122,81,98,148,53,90,155,50,94,155,48,95,152,45,95,149,47,93,155,49,95,152,47,94,153,48,94,155,49,95,154,47,93,155,49,95,157,48,94,156,49,95,156,48,94,154,48,94,154
47,91,152,47,91,152,47,93,153,47,92,153,47,91,152,47,91,152,48,92,153,48,92,153,45,93,152,47,93,153,48,92,153,48,92,153,48,92,153,48,93,153,48,93,153,48,93,154,50,94,154,49,91,152,50,94,156,45,91,157,53,96,152,52,92,155,102,93,138,165,108,93,175,109,77,174,110,73,173,112,77,169,109,77,171,108,75,166,107,78,162,106,68,137,87,47,89,43,42,53,12,33,69,22,31,90,37,36,85,44,37,75,32,24,70,26,20,67,27,25,59,29,27,60,35,30,64,37,34,69,60,44,73,76,52,72,63,62,68,62,55,69,67,42,64,60,41,45,31,38,50,52,78,51,104,153,46,94,155,50,94,155,49,95,153,50,93,156,47,95,153,49,94,153,52,93,155,51,97,161,59,95,150,77,88,94,94,84,43,100,93,36,106,102,35,115,107,33,121,113,35,126,119,36,129,124,34,133,127,35,138,130,39,143,135,38,142,138,45,149,140,44,149,142,47,153,150,59,154,149,50,157,148,43,160,153,40,164,161,44,147,150,97,97,111,142,62,90,157,48,91,159,46,98,153,46,94,155,49,94,158,48,94,153,47,94,154,48,94,154,47,93,154,48,94,156,48,94,157,48,94,156,47,94,154,47,94,155
47,91,152,47,91,152,46,92,152,47,91,152,48,92,153,48,92,153,48,91,152,47,92,152,46,92,152,47,93,153,48,92,153,49,93,154,47,93,153,47,92,152,48,92,153,48,94,154,49,90,152,51,91,153,48,92,152,43,94,152,51,93,154,47,91,155,57,92,156,142,102,121,169,111,79,173,110,72,174,110,77,171,113,78,173,109,75,161,104,77,151,96,59,114,65,27,77,38,27,57,33,48,44,16,32,94,45,45,129,100,89,95,45,43,68,25,22,57,25,24,56,23,27,56,26,25,51,22,27,58,40,26,60,50,22,58,32,33,59,44,34,67,61,33,65,64,38,57,48,49,57,52,61,64,99,123,64,96,143,53,95,149,51,93,153,52,93,155,50,94,150,46,95,155,49,94,155,54,93,153,52,96,160,56,100,160,71,94,125,91,89,66,104,96,39,112,105,34,118,110,34,123,117,34,126,121,33,129,123,33,135,128,37,139,133,36,143,134,41,146,139,40,151,141,45,156,151,62,151,147,60,137,127,39,150,142,47,158,151,35,162,160,36,160,162,70,123,130,122,76,94,149,55,88,157,51,93,157,47,93,156,45,95,156,46,95,154,47,95,154,49,95,156,48,94,156,48,94,156,48,94,156,45,94,155,46,93,155
47,91,152,46,90,151,49,91,153,48,90,152,49,90,152,49,91,153,48,92,153,45,92,153,48,92,154,47,93,154,47,93,153,47,93,153,47,93,153,48,92,153,47,91,152,47,91,152,48,92,153,48,92,153,48,93,154,53,92,153,46,95,156,50,93,154,48,92,150,72,92,153,136,102,123,170,112,86,170,110,74,176,111,76,172,112,77,145,96,71,97,48,47,82,48,27,70,36,24,61,40,45,57,41,36,80,33,34,135,97,89,107,66,65,81,28,23,69,29,26,61,23,28,57,25,25,51,23,23,48,36,32,55,43,29,56,25,29,54,33,25,61,51,18,63,53,15,50,42,25,52,21,29,54,64,83,62,86,112,62,91,124,56,92,141,60,95,144,56,95,146,56,93,148,58,93,142,60,84,134,55,95,153,51,98,154,52,96,159,61,93,155,82,92,100,102,98,47,112,107,34,115,113,34,121,116,37,130,120,36,130,124,37,136,129,37,138,135,40,145,136,41,148,141,45,151,152,66,133,121,37,127,108,35,145,139,60,154,152,56,157,150,43,162,154,35,168,163,48,144,149,100,88,109,140,57,96,161,44,96,157,48,94,152,47,95,155,46,94,155,47,94,156,49,95,155,49,95,154,48,94,154,48,94,156,48,94,156
47,91,152,47,91,152,47,91,152,47,92,153,47,92,152,46,92,152,45,93,152,45,93,152,47,92,152,47,91,152,46,91,152,48,92,153,46,92,154,47,92,153,48,92,153,48,92,153,48,92,153,48,92,153,48,92,153,47,94,153,46,93,154,49,92,157,50,94,153,44,93,156,62,87,155,129,97,128,162,109,87,173,110,71,169,113,79,117,72,62,48,20,34,53,34,32,67,39,29,66,52,38,72,61,29,74,36,29,131,83,85,122,85,84,95,44,39,86,39,22,97,40,22,95,43,28,72,28,24,49,28,27,46,35,28,51,27,28,51,32,28,56,50,23,60,53,18,55,51,26,45,19,24,51,46,64,52,112,135,48,79,109,52,87,129,52,88,140,52,94,148,56,97,149,63,89,141,64,75,119,60,96,141,62,96,145,60,98,147,53,95,150,55,93,150,77,96,126,102,100,71,114,106,35,119,113,34,126,117,34,130,122,36,133,123,39,133,121,37,141,134,47,140,143,51,135,122,38,131,113,31,150,143,59,149,142,64,155,148,71,159,151,65,159,149,50,159,150,43,168,165,45,135,144,72,66,65,98,47,95,156,46,95,155,48,96,155,48,95,154,48,94,155,48,94,154,48,94,154,47,93,153,48,94,156,48,94,156
47,91,152,46,90,151,51,90,153,51,91,153,49,90,152,48,91,152,49,90,152,49,90,152,47,93,153,48,92,153,49,90,152,49,91,153,46,92,154,45,92,154,48,92,153,48,92,153,48,92,153,47,93,153,47,93,153,48,93,154,48,93,151,50,90,154,49,93,158,49,92,152,46,93,153,54,90,154,107,97,140,162,107,98,164,113,83,102,58,57,25,19,37,40,33,34,64,35,27,67,53,33,74,66,24,80,38,26,127,88,87,131,101,104,108,59,55,101,48,37,103,44,32,122,60,32,117,55,19,85,38,29,61,26,28,54,22,26,51,29,29,57,50,25,62,53,16,60,53,20,49,30,25,45,22,32,44,64,84,35,36,57,48,72,100,47,96,145,47,81,138,50,87,150,50,94,148,61,77,130,52,96,145,58,94,153,61,97,153,57,93,141,54,94,145,58,93,149,74,94,138,94,100,96,109,110,55,118,115,42,129,116,42,123,120,40,120,103,20,131,124,28,132,124,38,128,108,31,148,144,65,149,148,66,152,144,60,150,143,60,154,153,61,158,153,63,158,152,59,157,154,42,142,142,41,64,26,28,45,67,123,49,98,159,48,92,154,47,94,153,48,94,154,48,94,156,49,95,155,48,94,154,49,93,156,48,94,156
47,91,152,47,89,151,50,91,153,49,92,153,48,91,152,48,92,153,48,91,152,48,91,152,47,92,152,49,91,153,50,91,153,49,92,153,47,92,154,46,92,153,48,92,153,48,92,153,48,92,153,48,92,153,48,92,153,46,92,155,45,94,156,47,95,151,50,93,153,50,92,157,45,94,155,45,93,155,40,96,154,95,93,142,154,111,114,116,71,70,36,17,35,35,25,29,63,36,30,61,44,49,66,53,37,80,44,33,122,91,85,135,109,114,108,70,76,104,51,39,108,60,43,126,70,47,132,63,33,130,57,23,105,59,30,79,53,26,59,26,22,56,45,22,61,52,17,58,54,21,51,39,27,46,20,31,38,20,31,27,21,29,32,43,72,57,103,147,49,101,149,44,85,143,45,82,139,57,65,118,54,90,145,52,97,158,50,100,157,52,96,154,51,95,155,53,94,152,50,93,149,55,93,152,80,98,132,102,105,85,116,114,55,118,114,55,118,113,46,119,111,27,116,94,11,135,130,51,149,151,64,151,148,59,156,147,64,150,143,61,150,148,56,151,150,56,155,150,59,156,153,48,142,147,53,66,40,21,43,29,75,50,96,155,46,94,155,47,93,153,48,94,155,48,94,156,49,95,157,48,94,155,49,93,154,49,93,154
48,91,152,49,90,152,46,93,153,46,92,152,46,92,152,47,93,153,45,93,152,44,93,152,48,90,152,49,90,152,48,91,152,48,92,153,47,91,152,47,91,152,48,92,153,48,92,153,48,93,154,49,91,153,51,91,154,48,93,153,48,91,156,46,91,151,52,92,153,49,92,152,46,94,152,49,93,155,47,95,156,42,93,155,83,94,148,126,99,117,85,50,66,58,23,47,65,31,33,62,37,40,67,44,34,89,50,47,124,104,108,129,103,108,110,81,85,97,47,38,110,57,40,127,72,48,134,72,50,137,65,31,133,64,21,130,92,24,100,79,28,74,50,25,57,46,19,58,54,24,54,51,32,48,22,36,44,25,31,41,49,61,42,84,115,54,102,142,52,110,161,51,92,153,48,94,154,55,73,126,53,88,144,52,97,159,54,98,157,49,96,153,49,94,152,49,93,154,47,96,157,51,94,155,50,92,156,62,95,146,95,105,107,116,116,64,114,114,47,111,95,27,121,112,43,129,123,47,137,124,58,138,127,57,150,145,56,149,143,51,147,141,51,149,144,44,150,146,41,157,150,50,149,155,66,86,62,33,41,15,41,45,85,138,47,97,158,48,94,154,49,95,156,48,94,156,49,94,156,49,93,154,48,94,154,48,94,154
48,91,152,49,90,152,47,91,152,48,91,152,49,92,153,48,91,152,48,92,152,47,91,152,49,91,152,48,91,152,47,91,152,48,92,153,47,91,152,48,91,152,48,92,153,48,92,153,50,92,154,50,91,153,50,91,153,51,92,154,46,93,154,48,94,151,47,93,156,47,93,155,49,92,155,48,93,151,48,91,155,45,94,156,43,92,156,66,89,149,134,124,159,138,165,190,99,66,95,78,33,31,69,38,30,105,78,85,139,140,146,133,106,113,126,98,108,104,55,63,107,49,33,124,62,35,135,74,42,142,76,44,144,66,32,139,60,23,143,91,29,126,104,34,91,71,30,71,53,20,56,50,23,49,25,31,42,11,22,48,54,69,52,97,122,52,99,135,54,107,156,51,92,157,48,94,155,49,94,151,48,93,149,49,96,152,57,96,157,52,95,156,48,93,156,48,94,157,45,94,155,48,95,153,49,94,157,47,90,158,58,92,158,94,103,111,108,93,40,120,108,23,129,126,35,133,124,31,135,121,33,128,120,35,123,118,33,137,131,32,142,137,36,148,136,37,148,143,46,150,146,43,156,157,58,103,92,42,46,7,28,48,68,125,46,97,157,48,94,154,48,95,156,48,94,155,49,93,155,48,94,155,48,94,154,48,93,154
45,90,151,49,91,153,47,90,153,47,92,152,47,93,152,46,93,151,47,92,152,48,92,153,46,93,152,48,93,153,48,91,152,48,92,153,47,93,153,47,93,153,47,93,153,48,92,153,48,92,153,48,92,153,48,92,153,47,93,153,48,92,153,49,91,153,48,94,154,48,94,154,49,93,154,47,93,155,49,94,153,49,92,153,49,93,156,39,91,147,92,103,158,167,204,221,146,163,193,101,49,67,75,29,32,106,88,89,138,127,130,136,115,119,136,124,131,109,76,83,102,43,32,118,57,35,132,65,38,141,71,33,145,73,30,144,69,30,149,74,35,151,90,36,145,106,36,111,99,37,74,60,29,50,24,27,39,11,31,41,20,27,36,61,73,40,64,95,50,95,134,48,95,154,46,93,158,48,92,153,47,94,154,48,94,155,51,97,157,52,97,156,50,95,153,48,96,155,46,95,155,47,92,156,49,94,154,52,93,157,63,99,141,73,83,101,84,87,107,113,117,66,132,122,33,135,129,30,130,128,21,116,109,20,94,73,18,107,86,25,135,136,52,145,138,50,147,142,47,149,144,51,156,153,53,118,120,50,51,10,24,44,58,108,47,99,158,48,92,153,45,96,154,49,92,154,49,94,157,45,95,156,47,95,154,49,93,155
46,91,152,49,92,153,47,91,152,47,91,152,46,92,152,46,92,151,47,91,152,47,91,152,46,92,152,46,92,152,46,92,152,47,93,153,47,93,153,47,92,152,47,93,153,48,92,153,48,92,153,48,92,153,48,92,153,47,93,153,48,92,153,48,92,153,49,93,154,48,94,154,50,92,154,51,92,155,50,93,153,47,95,154,47,93,155,42,94,153,65,95,151,150,170,194,167,201,226,126,115,140,91,33,56,114,103,112,133,113,118,143,122,124,138,131,131,115,88,97,97,43,42,119,56,36,127,63,32,137,65,28,142,69,26,145,71,26,150,75,33,150,84,42,156,87,50,153,100,38,133,115,44,87,65,44,52,11,29,42,9,23,35,37,45,31,28,43,47,76,110,48,98,155,48,91,157,51,94,155,48,93,154,49,93,154,51,95,156,51,95,156,50,95,155,51,94,156,47,93,158,47,93,155,52,94,157,63,100,146,77,88,101,63,85,116,53,91,157,75,97,145,110,117,77,121,117,27,105,88,18,94,74,12,108,98,25,96,82,25,121,114,30,142,140,51,146,142,60,148,147,61,157,153,68,135,142,68,63,25,22,45,46,91,49,98,158,50,92,154,47,94,154,50,93,154,50,94,156,48,94,156,47,95,154,49,93,155
47,91,152,46,90,151,47,91,152,47,91,152,46,92,152,46,92,152,47,91,152,47,91,152,46,92,152,45,93,152,44,93,152,46,93,153,48,92,153,47,92,152,47,93,153,48,92,153,48,92,153,48,92,153,48,92,153,47,93,153,48,92,153,48,92,153,48,92,153,48,94,154,50,92,154,50,91,155,51,92,153,45,95,153,49,93,154,47,94,156,49,89,151,99,117,164,153,178,205,152,169,195,134,122,151,133,133,147,133,123,129,143,124,126,136,116,116,120,95,103,99,50,54,115,55,33,127,66,35,136,63,31,141,67,24,146,72,22,150,73,28,149,80,40,153,89,50,158,89,52,159,93,36,148,118,37,108,95,47,61,25,35,43,8,23,43,29,48,47,78,127,50,96,155,48,93,154,49,95,154,50,94,155,49,93,154,51,95,156,50,95,156,48,95,154,47,93,157,44,94,153,46,97,153,60,97,150,73,91,98,67,81,111,50,93,157,51,98,154,65,97,138,83,91,89,90,78,32,86,68,20,112,100,25,129,127,35,117,104,33,114,102,30,129,122,25,140,131,40,145,143,53,152,148,61,147,158,72,76,47,26,47,36,85,48,99,159,49,92,153,46,94,154,49,93,154,49,94,154,48,93,154,47,93,153,48,93,155
48,90,152,46,91,151,48,91,151,47,91,152,48,92,153,46,92,152,47,91,152,48,92,153,47,92,153,46,93,153,46,93,153,47,93,153,47,93,153,47,93,153,47,92,152,48,92,153,48,92,153,48,92,153,48,92,153,48,92,153,49,92,153,49,91,153,47,93,153,47,93,153,49,93,154,49,93,154,49,94,154,45,94,153,50,93,154,49,92,155,49,92,157,62,92,152,130,157,193,159,174,199,161,171,192,149,154,167,133,135,149,134,115,127,138,114,119,125,110,115,97,64,71,109,52,40,126,67,44,134,64,36,138,66,27,144,71,21,149,74,25,150,78,34,151,77,39,146,88,43,155,94,58,163,91,36,157,112,30,128,117,50,81,51,35,62,36,68,53,90,147,49,95,155,46,95,153,47,95,151,49,93,154,49,93,154,50,94,155,51,95,156,49,93,154,49,95,154,47,93,152,57,99,150,72,91,107,69,80,105,50,94,152,59,99,147,77,95,113,78,79,74,80,84,75,79,79,68,77,79,89,108,119,89,122,119,40,111,94,21,114,104,26,124,116,22,133,123,16,136,132,23,144,135,47,150,157,64,89,72,39,47,32,76,45,97,156,49,93,155,46,95,154,47,95,154,47,95,154,47,95,154,47,95,155,48,94,154
48,90,151,46,92,152,48,91,151,47,91,152,47,91,152,46,92,153,47,93,153,48,92,153,48,92,153,47,91,152,49,92,153,47,92,152,45,93,153,46,93,153,48,92,153,48,92,153,48,92,153,48,92,153,47,91,152,47,91,152,50,91,153,49,91,153,47,93,153,47,93,153,48,92,153,48,93,153,48,95,155,47,93,153,46,94,154,45,94,152,48,93,155,66,95,152,128,148,188,163,181,201,166,177,191,157,159,177,141,138,152,138,115,126,138,111,115,134,104,106,111,79,84,111,53,52,125,69,50,135,68,41,138,68,32,140,71,27,147,73,26,148,76,26,150,76,27,152,73,29,152,80,40,158,95,57,162,93,53,161,92,33,149,120,46,108,100,71,69,93,141,51,91,155,49,93,156,48,94,153,50,96,155,50,94,155,50,94,155,52,96,158,50,94,155,48,91,152,55,96,154,74,92,119,68,77,98,57,95,149,69,99,129,78,82,86,72,72,82,70,90,116,78,88,101,71,79,92,57,93,154,71,97,132,96,90,77,108,109,57,115,113,31,126,120,32,130,123,25,137,131,23,138,129,29,146,147,44,103,96,43,52,34,72,45,95,154,52,93,155,48,94,154,47,93,153,47,95,154,47,94,153,47,95,155,48,94,154
46,91,152,45,92,152,48,90,151,47,92,151,47,91,152,48,91,153,47,91,152,47,93,152,46,93,153,46,91,152,48,92,153,46,92,152,45,92,152,46,92,153,47,91,154,47,91,153,48,92,152,48,92,153,48,92,153,46,92,151,48,92,152,48,91,153,48,92,153,47,92,154,48,92,154,48,92,152,48,93,155,48,93,156,47,94,155,47,95,154,47,89,152,88,110,164,154,180,206,174,187,209,167,173,190,155,156,172,143,130,141,137,115,118,139,103,105,140,88,91,126,88,92,116,62,62,128,70,53,134,73,46,136,71,37,141,69,28,143,70,25,150,74,25,153,74,23,151,73,23,154,81,32,154,88,48,157,98,59,161,96,64,152,81,44,148,100,31,130,126,86,83,111,141,56,90,157,48,92,155,50,97,156,53,96,156,49,94,154,51,97,154,52,92,156,56,96,155,65,96,122,70,77,95,64,96,132,67,94,105,75,71,73,65,76,101,59,96,142,72,92,107,71,74,89,55,92,142,61,101,143,67,86,110,61,85,137,74,101,142,104,105,86,121,116,42,128,125,40,139,131,31,140,131,31,142,139,24,115,109,40,57,40,76,47,93,153,50,94,155,48,93,154,48,93,154,49,94,154,46,93,154,46,94,153,49,94,155
47,91,152,46,90,151,48,90,152,47,91,152,47,91,152,49,90,152,48,91,152,48,92,153,46,93,153,46,92,152,47,93,153,46,92,152,46,92,152,47,93,153,48,92,153,47,91,152,48,92,153,47,91,152,47,91,152,47,92,152,48,92,153,48,92,153,48,92,153,48,92,154,47,93,155,48,92,153,49,93,154,48,92,155,49,93,156,48,92,154,47,89,152,94,117,169,164,191,210,173,186,208,160,166,184,147,148,162,141,124,136,140,116,118,137,109,111,131,88,95,130,93,102,122,78,79,128,71,58,133,73,47,140,72,44,147,71,32,145,74,32,151,72,27,153,74,25,153,77,29,152,79,34,156,86,42,155,90,51,163,102,66,161,97,68,155,86,60,150,83,34,145,116,56,100,121,123,64,96,154,50,93,154,53,96,151,54,93,156,51,97,157,51,97,158,64,99,128,80,81,86,71,90,106,76,79,84,67,69,82,57,83,131,55,99,154,69,94,118,74,69,79,54,90,137,61,98,147,73,83,105,63,85,129,47,95,156,46,93,155,57,93,154,89,101,117,122,118,64,135,132,38,136,134,36,144,139,36,118,113,39,58,47,78,47,93,153,48,94,155,46,94,153,48,94,154,49,92,153,46,94,154,47,93,153,48,94,154
49,90,152,49,90,151,48,91,153,47,91,152,46,92,152,48,91,152,48,92,153,46,92,152,47,91,152,48,92,153,48,92,153,47,91,152,46,92,152,47,92,153,48,92,153,48,92,153,49,93,154,48,92,153,46,92,152,47,92,153,49,93,154,49,93,154,48,92,153,48,92,153,47,92,152,48,92,153,49,93,153,48,92,155,49,93,155,48,94,154,46,88,152,87,104,163,161,191,211,168,187,207,162,165,188,143,144,161,136,121,133,138,118,123,137,112,115,138,115,122,132,107,124,126,90,99,121,73,63,128,72,48,137,73,47,144,72,37,143,76,34,148,76,29,152,75,26,155,78,31,151,78,34,154,86,45,157,92,52,163,100,60,162,99,63,161,100,65,164,95,65,154,82,36,146,96,50,124,95,96,80,99,141,62,94,156,50,92,155,51,95,155,64,100,134,77,76,65,75,71,64,72,69,73,62,74,108,53,89,154,51,100,158,69,93,124,70,71,79,60,88,132,57,95,151,71,82,112,61,86,125,50,95,156,44,95,157,48,93,154,51,91,155,48,92,157,70,98,139,117,117,90,134,132,44,144,144,35,125,124,40,68,57,79,47,91,153,47,94,154,45,94,153,47,94,154,49,92,153,46,94,154,47,93,153,48,94,154
46,91,152,45,92,152,47,91,152,47,91,152,46,92,152,46,90,151,47,91,152,47,92,153,48,90,151,50,91,153,49,90,152,48,90,152,47,91,152,47,93,153,47,92,153,47,91,152,48,91,153,48,92,153,47,93,153,48,92,154,48,92,155,48,92,153,48,92,153,48,92,153,48,92,153,47,93,153,47,93,153,47,93,154,47,93,154,48,94,154,46,90,153,78,100,160,152,188,209,172,180,203,158,171,193,145,150,169,132,128,140,132,121,131,133,112,116,142,122,127,134,123,137,126,107,125,120,70,71,129,72,53,129,75,46,142,75,39,146,74,33,145,73,24,149,76,23,153,77,27,157,84,40,157,89,52,163,98,63,161,95,60,162,97,63,165,101,64,165,102,64,162,97,68,156,82,52,151,73,35,141,81,54,103,92,109,67,96,153,63,97,147,74,71,70,71,49,36,66,66,91,49,87,134,49,96,153,52,97,157,61,94,125,72,69,81,55,81,128,58,100,146,70,81,114,60,85,122,49,95,160,47,92,155,46,95,154,49,96,155,47,92,160,51,93,154,48,91,154,63,92,151,104,111,117,135,138,57,139,136,43,78,70,81,48,91,153,48,93,154,47,95,154,47,95,154,49,93,154,46,94,154,48,94,154,48,94,154
44,93,152,43,93,152,47,91,152,47,92,152,47,93,153,48,91,152,48,90,152,47,92,153,47,90,151,49,90,152,49,90,152,48,91,152,47,91,152,47,92,152,47,93,153,48,92,153,48,91,152,48,92,153,47,92,152,47,92,153,46,92,152,46,92,152,48,92,153,48,92,153,49,92,153,48,92,153,48,93,153,46,92,152,47,93,153,47,93,153,46,93,154,60,93,149,128,142,176,172,190,209,169,186,203,146,155,175,139,136,147,132,130,144,125,113,126,137,118,122,142,129,139,136,131,155,106,67,83,111,53,46,128,75,52,138,73,39,145,68,31,146,70,23,148,76,25,152,76,26,157,84,39,158,92,55,160,96,63,158,93,58,157,98,63,161,97,64,164,101,65,163,101,69,163,97,61,160,96,59,157,81,38,147,77,39,121,93,103,81,70,92,67,54,64,60,80,120,50,94,153,47,94,162,50,97,155,60,95,135,70,68,80,64,78,116,54,100,157,64,83,113,63,81,116,50,95,152,50,94,155,50,94,156,47,93,152,51,90,155,46,95,152,45,93,156,46,94,156,45,95,156,50,89,155,83,104,136,119,124,92,78,87,108,50,93,155,49,93,154,48,95,154,47,95,154,49,92,153,46,94,153,47,95,154,48,94,154
47,91,152,46,92,152,48,90,152,47,92,152,48,91,153,49,90,152,48,91,152,48,91,152,47,91,152,47,91,152,49,90,152,49,91,153,48,91,152,46,90,152,46,93,154,48,92,154,50,90,152,51,91,154,49,91,153,47,92,152,46,92,152,46,92,152,48,92,153,49,92,153,50,91,153,48,92,153,49,92,154,48,91,152,48,92,153,47,93,154,48,92,154,66,90,150,131,144,185,175,203,219,174,182,198,151,159,179,138,135,149,125,125,139,123,114,124,128,117,127,140,124,143,143,139,157,117,105,122,79,35,38,96,45,31,127,73,42,140,80,43,143,76,32,152,79,35,153,78,32,156,84,39,156,92,54,158,95,61,159,95,59,162,97,62,162,96,58,162,98,59,164,99,65,164,99,66,165,101,68,161,97,64,158,86,52,146,73,35,122,60,51,92,79,112,60,101,161,47,95,156,54,94,153,60,93,141,64,69,86,60,74,112,53,98,155,65,85,117,62,78,113,50,94,151,51,92,153,48,93,154,48,92,153,50,94,156,50,93,154,46,93,153,48,94,153,48,93,154,50,94,157,49,94,154,44,92,159,63,94,147,58,97,148,49,95,154,50,90,153,49,93,154,50,95,155,52,92,154,49,95,155,45,95,154,46,93,153
48,91,152,49,90,152,47,91,152,46,91,152,46,90,151,47,91,152,47,91,152,47,91,152,47,91,152,47,91,152,47,91,152,49,90,152,49,90,152,47,90,152,47,91,152,47,91,153,48,91,152,49,92,153,49,92,153,47,92,153,46,92,152,47,91,153,48,92,153,47,92,152,48,92,153,47,93,154,46,95,153,48,93,154,51,92,154,49,92,153,45,90,152,89,108,161,167,195,218,180,197,216,163,174,195,149,161,183,127,126,143,119,108,117,134,128,136,127,136,158,138,133,161,148,140,154,134,132,146,92,56,67,75,25,26,84,36,23,117,63,44,141,84,47,150,85,42,157,83,38,158,87,48,159,95,60,161,95,61,163,100,64,161,96,62,161,92,58,163,98,61,163,97,62,164,98,65,165,102,67,164,100,68,161,93,61,160,90,57,152,80,49,137,66,46,105,75,97,71,93,156,57,97,143,66,67,87,59,70,102,52,97,151,61,86,123,61,74,108,51,92,150,51,93,157,50,96,155,48,94,154,49,93,153,50,93,156,49,94,154,47,94,155,46,93,155,48,94,154,48,93,155,48,94,155,48,95,155,47,93,156,46,94,155,50,93,155,49,92,153,48,94,154,49,93,154,49,94,154,47,93,153,47,93,154,48,94,154
46,90,151,47,91,152,49,91,153,49,90,152,49,90,152,47,91,152,46,92,152,45,92,151,47,91,152,47,91,152,47,91,152,47,91,152,47,91,152,47,91,152,47,91,152,48,92,153,47,91,152,48,92,153,48,92,153,48,92,153,48,91,152,48,91,152,49,92,153,48,92,153,48,92,153,48,91,152,46,93,152,47,92,153,50,90,153,48,93,153,42,91,152,85,99,155,168,190,214,180,194,215,161,171,196,140,150,167,124,120,134,121,113,122,139,138,142,136,149,157,140,149,165,147,148,162,142,138,155,112,83,95,77,35,34,69,32,26,69,30,26,103,66,34,143,87,43,156,88,41,156,89,41,160,97,62,157,95,59,163,98,66,164,100,64,160,97,62,164,95,61,161,98,60,162,99,63,163,99,64,162,101,65,161,97,61,158,95,59,161,97,61,158,89,53,148,66,32,122,66,76,90,71,89,68,67,102,54,96,154,61,86,130,62,72,111,49,91,150,44,97,158,47,94,152,47,93,153,52,93,154,50,94,155,49,93,154,48,94,154,47,93,154,46,93,155,47,94,154,48,94,154,48,94,154,48,94,154,48,94,154,48,94,154,50,93,155,47,92,153,48,94,154,49,93,154,49,93,154,47,93,153,48,94,154,49,95,155
46,90,151,45,91,151,49,90,152,50,90,152,49,90,152,47,91,152,47,92,153,46,92,152,47,91,152,47,91,152,47,91,152,46,92,152,46,92,152,46,92,152,47,91,152,48,92,153,48,92,153,48,92,153,47,91,152,48,92,153,48,91,152,50,91,152,50,91,153,48,92,153,49,93,154,48,92,153,47,93,153,48,92,153,50,91,153,49,94,155,43,92,152,76,98,154,163,190,211,176,199,216,163,171,197,143,151,166,132,133,147,123,124,134,130,118,129,128,113,120,132,135,146,146,150,166,142,139,153,122,102,117,86,41,47,73,35,29,62,36,35,68,54,28,85,59,28,127,69,40,159,93,49,161,95,56,158,96,54,161,98,60,163,99,64,160,99,65,163,95,62,165,102,65,161,99,62,165,99,66,162,98,61,165,100,66,164,100,64,161,97,61,162,97,62,160,92,61,158,78,38,133,64,44,87,74,101,62,87,126,59,70,101,49,90,142,47,94,160,49,90,151,46,94,154,51,93,154,51,91,154,48,93,154,49,93,154,49,93,154,48,94,154,47,93,154,48,94,154,48,94,154,48,94,154,48,94,154,48,94,154,48,94,154,50,94,155,48,93,154,48,94,154,50,93,154,51,92,154,49,93,154,48,94,154,49,95,155
46,90,151,45,91,151,48,90,152,47,91,152,47,91,152,49,90,152,50,91,153,50,91,153,47,91,152,47,91,152,47,91,152,46,92,152,46,92,152,46,92,152,47,91,152,48,92,153,48,92,153,48,92,153,48,92,153,46,92,152,46,92,152,48,91,153,48,92,153,47,92,153,47,93,153,47,93,153,47,93,153,47,91,152,49,90,152,50,92,154,46,94,155,50,89,151,112,131,170,164,191,205,160,182,202,151,155,173,136,130,148,128,130,147,127,124,141,125,120,133,127,144,155,137,150,165,143,136,153,122,101,120,98,56,64,71,33,25,67,37,35,68,57,29,63,62,28,61,39,26,116,65,31,153,95,41,160,97,53,162,95,60,162,101,67,145,88,56,140,68,40,158,95,61,161,99,64,170,99,67,161,97,61,164,98,67,162,97,63,164,101,67,163,99,66,162,95,64,162,94,59,158,90,54,105,40,35,55,31,55,54,90,140,50,95,159,52,93,153,51,94,153,46,92,158,44,95,154,47,93,154,49,93,154,49,93,154,48,92,153,49,93,154,48,93,153,49,93,154,48,94,154,47,93,153,48,94,154,48,94,154,48,94,154,49,93,154,49,93,154,48,94,154,49,93,154,51,92,154,49,93,154,48,94,154,49,93,154
48,91,152,48,91,152,48,91,152,47,91,152,47,91,152,48,91,152,48,90,152,48,90,152,47,91,152,47,91,152,47,91,152,47,91,152,47,91,152,47,91,152,47,91,152,47,91,152,47,91,152,48,92,153,48,92,153,47,92,152,46,92,152,47,92,153,47,93,153,46,91,152,47,93,153,48,93,153,49,93,154,49,92,153,47,92,154,48,93,153,48,93,153,50,91,159,56,85,148,114,143,173,157,177,204,144,154,176,140,146,159,137,146,163,130,135,151,139,144,160,146,159,174,140,149,163,140,140,161,126,109,127,111,74,83,79,34,36,70,35,36,67,60,30,73,69,20,65,63,25,55,36,24,88,47,30,132,77,43,158,98,58,161,101,64,152,90,60,139,72,45,145,77,46,153,85,51,164,98,63,161,101,63,161,100,63,161,97,62,160,98,64,161,100,65,161,101,61,162,99,64,162,98,66,113,58,45,51,13,32,45,81,134,44,98,154,48,92,154,48,92,156,50,92,156,45,93,152,52,92,152,49,93,154,49,93,154,48,92,153,49,93,154,49,92,153,49,93,154,49,93,154,48,93,153,47,95,154,47,94,153,48,94,154,50,92,154,47,94,153,47,95,154,47,93,153,48,93,154,47,92,153,49,94,154,49,93,154
49,90,152,48,89,151,49,89,151,48,89,151,47,90,152,46,92,152,46,92,152,47,92,153,48,92,153,47,91,152,46,90,151,48,90,152,48,90,152,48,91,153,46,91,152,47,91,152,47,91,152,47,91,152,48,92,153,48,92,153,48,91,152,49,91,153,49,91,153,47,91,152,48,92,153,48,91,152,50,91,153,49,91,154,47,93,154,46,94,153,45,93,152,48,94,151,46,92,155,55,92,150,111,136,175,141,165,192,153,172,192,145,152,167,147,147,159,149,152,169,150,156,170,145,157,167,142,148,165,136,124,143,124,96,113,92,54,60,69,36,34,62,59,36,70,60,21,69,62,24,47,30,31,44,23,33,60,30,24,123,74,34,156,99,58,165,102,69,152,87,56,151,83,50,149,79,46,147,79,40,157,91,53,163,100,59,163,96,60,165,96,61,162,97,62,166,99,71,165,104,71,162,104,66,128,74,59,58,8,19,49,53,99,48,97,159,48,93,153,44,94,156,48,93,152,49,93,154,50,93,153,49,93,154,48,92,153,48,92,153,50,94,155,50,94,155,49,93,154,49,93,154,47,95,154,46,94,153,47,93,153,48,94,154,50,93,155,47,94,154,47,96,155,47,94,154,48,94,154,48,94,154,49,95,155,49,93,154
47,90,151,46,90,151,45,91,151,46,90,151,47,91,152,47,91,152,47,91,152,47,91,152,47,91,152,48,92,153,48,92,153,46,91,152,46,92,153,47,92,153,47,91,152,47,91,152,46,92,152,47,92,153,46,92,152,48,91,153,49,90,152,47,92,153,45,94,153,45,93,152,47,92,153,47,93,153,47,93,153,48,92,153,47,91,152,49,92,153,49,92,154,48,92,154,47,95,153,45,91,152,74,106,164,136,168,206,152,175,196,155,155,171,158,166,178,157,167,180,158,162,170,158,161,165,151,156,164,140,152,166,135,119,133,105,76,86,70,43,40,50,44,30,48,36,22,67,65,26,56,36,30,45,24,34,51,30,27,65,54,22,92,60,23,144,84,51,153,89,56,149,83,51,152,87,54,148,83,49,146,74,36,150,84,50,154,84,46,162,93,53,163,97,63,162,99,68,164,100,68,163,95,63,143,94,69,72,21,29,47,33,65,51,94,155,47,94,154,50,92,154,49,94,153,49,92,155,48,94,153,49,93,154,48,92,154,49,93,156,50,94,155,48,92,153,48,92,153,49,93,154,48,94,154,50,92,154,51,92,155,48,94,155,47,93,153,47,93,153,49,93,154,49,93,154,49,93,154,50,94,155,49,93,154,48,94,154
46,90,151,47,91,152,46,90,151,46,90,151,47,91,152,47,91,152,47,91,152,47,91,152,47,91,152,48,90,152,48,90,152,47,91,152,47,91,152,48,92,153,49,91,153,49,91,153,48,90,152,48,90,152,48,90,152,47,90,151,48,89,151,48,91,152,45,92,152,45,91,151,49,92,153,46,91,151,46,92,152,49,93,154,48,92,153,49,93,154,48,92,153,47,92,153,48,94,155,49,89,152,73,106,163,135,170,205,159,183,205,164,169,185,165,172,182,162,168,180,163,162,169,160,158,162,150,154,164,130,146,167,127,138,147,120,105,102,81,55,51,66,52,29,60,48,28,69,63,24,55,44,28,53,41,33,55,40,31,67,51,27,63,56,26,69,29,17,134,72,50,147,89,53,149,84,53,150,84,54,148,85,60,141,81,49,121,47,27,149,80,42,160,102,65,166,99,67,160,97,63,160,92,59,153,99,69,89,38,38,48,22,47,50,89,145,47,97,156,48,93,153,47,93,152,47,93,156,47,94,154,49,93,154,49,93,154,48,92,153,48,92,153,49,93,154,49,93,154,48,94,154,48,94,154,49,93,154,49,93,154,47,95,154,48,93,154,49,93,154,49,93,154,48,92,153,48,92,153,48,92,153,49,93,154,49,93,154
45,89,150,46,90,151,48,89,151,48,90,151,47,91,152,47,91,152,47,91,152,47,91,152,50,91,153,49,90,152,49,90,152,48,91,152,47,91,152,47,90,151,49,90,152,49,90,152,50,91,153,50,91,153,49,90,152,47,90,151,47,91,152,49,91,153,47,91,152,48,91,152,51,92,154,47,92,152,47,91,152,47,91,152,47,91,152,49,93,154,49,93,154,47,95,154,49,92,155,52,89,153,89,121,173,149,186,216,170,190,213,168,176,193,167,172,182,163,164,173,159,153,160,158,154,158,150,156,167,121,145,170,111,126,155,123,129,115,99,92,68,78,62,27,75,66,22,66,60,21,53,42,30,52,38,29,46,34,32,60,43,27,68,64,29,50,39,31,73,23,24,134,69,39,147,87,56,149,86,52,151,87,52,152,92,59,123,66,47,124,56,41,155,91,57,165,99,66,162,102,64,163,98,65,158,98,64,107,57,47,54,10,33,47,73,124,46,97,157,49,94,154,48,93,153,48,93,155,47,93,152,48,92,153,49,93,154,49,94,154,48,94,154,47,93,153,48,93,154,48,94,154,48,94,154,49,93,154,49,93,154,47,95,154,49,93,154,49,93,154,49,93,154,48,92,153,47,93,153,47,93,153,49,93,154,49,93,154
47,90,152,48,90,152,49,90,152,49,89,151,48,91,152,47,91,152,47,91,152,47,91,152,49,90,152,48,89,151,49,90,152,48,91,152,47,91,152,46,90,151,47,92,153,47,92,152,47,92,153,47,92,153,49,91,153,47,92,152,48,91,152,49,91,153,47,91,152,48,91,152,50,90,153,48,92,153,47,92,152,47,91,152,47,91,152,48,92,153,49,92,153,47,92,152,45,91,153,72,101,163,126,164,205,163,196,222,177,189,215,169,176,193,168,171,182,160,160,170,152,146,152,152,152,154,147,161,173,118,155,178,88,116,163,111,118,122,114,119,83,84,68,35,78,66,29,63,59,26,47,34,30,50,27,29,55,45,30,46,30,29,65,48,28,62,46,31,49,17,28,82,28,16,120,59,32,143,85,56,150,88,55,153,86,58,146,84,49,136,74,50,142,83,54,152,88,53,161,101,63,163,100,67,161,99,67,121,71,56,58,7,28,48,57,105,48,97,158,51,92,153,49,92,153,49,93,155,50,92,152,48,92,153,48,92,153,48,93,154,48,94,154,47,93,154,48,93,155,48,94,154,48,94,154,49,93,154,49,93,154,47,95,154,49,94,155,49,92,154,48,92,153,49,93,154,48,94,154,47,94,154,49,93,154,49,93,154
49,90,152,47,88,150,47,90,151,47,91,151,48,90,152,49,90,152,49,90,152,49,90,152,47,90,151,49,90,152,49,90,152,47,91,152,47,91,152,47,92,152,48,92,153,47,93,153,46,92,152,47,91,152,49,90,152,48,92,153,47,91,152,48,90,152,47,91,152,47,92,152,48,90,151,48,91,153,47,91,152,48,92,153,48,92,153,48,92,153,48,91,152,49,95,156,47,85,149,89,124,176,148,186,218,171,196,217,176,186,208,170,177,194,162,166,179,154,154,168,148,143,150,151,151,153,146,164,174,117,150,176,80,121,168,90,105,145,116,123,106,98,90,62,77,63,32,64,54,29,46,30,31,48,29,31,63,52,29,54,36,27,66,45,23,67,53,28,54,21,29,81,28,25,99,36,17,102,48,36,125,73,48,146,94,55,149,84,53,141,78,48,149,91,59,149,84,51,144,79,44,159,91,59,163,101,68,138,87,61,67,12,27,50,47,91,49,97,158,50,92,152,49,91,153,49,93,154,51,92,154,49,93,154,49,93,154,47,93,153,48,94,154,48,94,155,48,94,155,48,94,154,48,94,154,51,92,154,50,92,154,49,93,154,49,95,155,48,94,154,49,93,154,49,93,154,48,92,153,48,92,153,48,92,153,49,93,154
49,91,152,47,89,151,47,89,151,47,90,151,49,90,152,49,90,152,48,90,152,49,90,152,47,90,151,47,90,152,48,91,153,47,91,152,47,92,152,47,91,151,47,90,151,47,91,152,47,91,152,48,90,152,48,89,152,47,92,152,48,92,153,48,90,152,49,92,153,49,92,154,48,91,152,49,92,153,48,91,153,48,91,152,49,92,153,49,92,154,49,92,153,49,92,154,44,87,149,93,120,173,151,190,214,174,195,215,173,183,205,166,175,192,157,163,176,151,154,167,148,144,154,147,147,149,146,159,164,127,152,181,92,130,175,64,99,158,100,116,126,113,114,93,85,71,44,63,50,29,51,31,31,49,40,33,51,32,32,58,35,26,72,55,23,71,57,24,54,25,27,79,26,24,102,41,15,108,54,14,89,55,27,111,48,36,143,86,55,145,87,58,150,86,55,149,86,54,151,85,54,143,78,44,152,84,51,146,92,60,77,22,28,49,41,84,46,97,155,51,92,153,49,92,153,45,93,151,50,93,155,49,93,154,49,94,155,48,93,154,48,94,154,48,94,155,48,94,154,48,94,153,48,93,154,50,92,154,50,92,154,49,93,154,48,94,154,48,94,154,49,93,154,49,93,154,48,92,153,49,93,154,48,92,153,49,92,154
46,90,151,47,91,152,46,89,150,49,89,151,50,90,152,49,90,152,46,90,151,48,90,152,49,90,152,49,90,152,49,90,152,47,91,152,47,91,152,47,91,152,47,91,152,47,91,152,48,92,153,48,92,153,46,91,152,47,92,152,46,92,152,47,91,152,49,91,153,49,90,152,48,91,152,50,91,153,51,91,153,49,90,152,49,91,153,49,92,153,48,91,153,48,91,152,45,92,154,70,98,155,151,180,206,173,198,216,171,182,201,164,171,187,158,162,175,151,156,167,145,147,161,145,144,149,144,152,153,134,163,181,102,137,177,61,95,157,76,104,144,115,121,109,90,86,58,68,56,33,46,32,34,47,32,30,55,37,28,69,53,25,77,58,18,78,60,21,59,32,30,70,23,23,103,37,20,117,43,11,115,65,19,80,55,29,84,30,24,134,73,54,145,93,56,148,87,56,150,87,53,150,87,58,148,81,52,144,84,54,86,34,35,50,36,82,47,96,152,47,93,153,50,93,155,47,93,152,50,94,155,47,93,153,49,93,154,49,93,154,48,93,154,49,95,155,49,93,154,50,93,154,48,92,153,49,93,154,47,93,154,48,95,154,49,93,154,49,93,154,49,93,154,48,92,153,49,93,154,49,93,154,48,92,153,47,92,153
48,89,151,49,90,152,45,90,149,47,91,151,50,91,153,49,90,152,47,90,151,48,89,151,49,90,152,49,90,152,49,90,152,47,91,152,47,91,152,46,90,151,47,91,152,47,91,152,48,92,153,48,92,153,48,92,153,47,92,152,46,92,152,47,91,152,47,91,152,47,91,152,47,91,152,47,91,152,48,92,153,47,91,152,47,91,152,47,91,152,47,92,153,47,93,153,50,91,156,48,90,148,122,149,186,172,199,220,168,181,199,163,167,183,159,163,176,151,155,168,147,148,166,143,141,149,142,142,149,133,163,175,102,137,171,67,100,160,59,101,159,95,114,127,103,99,75,80,63,33,66,61,26,74,56,25,68,57,27,70,52,19,78,57,19,80,59,18,63,39,28,67,21,25,99,36,19,116,44,18,122,44,5,121,72,22,82,57,34,68,16,24,113,56,43,149,87,62,152,92,57,152,89,55,152,89,61,146,89,55,98,41,36,51,43,91,50,96,154,46,95,154,48,92,154,52,92,154,47,92,152,48,92,153,49,93,154,49,93,154,48,92,153,48,93,154,48,92,153,48,92,153,48,92,153,49,93,154,47,92,153,47,94,153,48,92,153,48,92,153,48,92,153,48,92,153,48,92,153,49,93,154,48,92,153,48,92,153
48,89,151,49,89,152,47,92,150,47,92,150,48,92,151,47,92,151,48,90,151,50,89,151,48,90,152,47,91,152,47,91,152,47,91,152,47,91,152,47,91,152,48,92,153,48,92,153,47,91,152,48,92,153,48,92,153,46,92,152,47,93,153,46,91,152,47,91,152,47,91,152,46,92,152,47,91,152,48,92,153,47,91,152,47,91,152,47,91,152,47,92,154,47,93,154,50,93,151,43,89,150,72,99,155,154,175,208,165,185,203,166,172,191,163,170,185,149,156,170,144,146,163,143,137,146,145,144,143,135,159,169,97,130,166,73,109,162,58,108,162,72,105,150,108,110,92,82,69,38,71,57,24,77,62,25,71,57,28,63,47,29,78,58,29,82,62,26,67,48,30,62,26,29,96,40,21,111,47,17,123,50,13,127,49,9,129,76,19,80,61,37,49,13,26,85,35,31,137,81,53,148,93,57,155,89,60,148,96,58,93,41,45,53,58,108,49,96,157,52,94,155,51,91,153,49,92,153,46,93,152,48,91,152,49,91,153,49,91,153,48,92,153,48,92,153,47,94,153,49,93,154,48,92,153,50,94,155,49,93,154,49,93,154,48,92,153,48,92,153,48,92,153,49,93,154,48,92,153,49,93,154,49,93,154,49,93,154
48,89,151,48,89,151,46,92,151,48,91,151,47,91,151,46,91,151,48,90,152,50,90,152,47,91,152,47,91,152,47,91,152,47,91,152,47,91,152,48,90,151,47,91,152,47,91,152,47,91,152,48,92,153,48,92,153,47,91,152,47,91,152,47,91,152,48,92,153,48,92,153,47,92,153,47,91,152,48,92,153,47,91,152,47,91,152,47,91,152,47,92,154,47,90,153,47,93,147,48,93,157,53,81,148,129,146,186,169,197,214,177,188,207,168,175,193,150,157,173,140,143,160,141,135,142,148,147,145,138,154,164,102,134,166,73,114,164,65,112,162,60,102,162,93,108,121,92,86,62,75,58,29,78,61,31,75,62,27,62,50,25,74,56,29,83,64,27,71,56,32,62,32,42,93,41,34,111,51,25,121,54,25,131,58,24,133,56,19,125,81,30,80,59,44,47,11,23,71,22,28,123,65,46,150,91,60,154,97,61,106,52,51,53,61,116,48,97,158,50,94,153,47,92,153,50,94,154,51,91,154,51,92,154,50,91,153,50,92,154,48,92,153,48,93,154,48,94,154,47,92,152,49,93,154,49,93,154,49,93,154,49,93,154,49,93,154,49,93,154,49,93,154,49,93,154,49,93,154,49,93,154,48,92,153,49,93,154
46,90,151,46,90,151,46,90,151,47,90,151,48,90,151,47,91,152,48,90,151,48,89,151,45,90,151,47,91,152,47,91,152,47,91,152,49,90,152,48,90,151,46,90,151,47,91,152,48,92,153,47,91,152,47,91,152,48,90,152,49,90,152,48,89,151,50,91,153,50,91,153,47,92,153,49,92,153,49,92,153,47,91,152,48,92,153,48,92,153,48,92,153,47,91,153,52,94,152,45,90,153,67,90,151,149,170,203,182,210,227,178,192,209,165,171,190,152,160,177,138,146,165,133,133,142,142,142,142,131,148,162,101,131,166,72,114,161,64,106,160,55,100,160,69,102,150,100,105,95,82,68,34,83,61,27,76,62,21,65,50,25,67,48,25,79,56,23,70,57,27,58,31,41,85,34,32,109,43,14,125,50,12,131,53,8,135,60,14,147,69,34,136,96,48,80,47,42,50,18,36,46,12,19,95,40,48,138,88,79,106,65,76,56,69,126,50,93,159,49,93,152,48,93,154,51,91,153,48,93,154,49,92,154,50,92,154,50,92,154,49,93,154,46,93,153,47,93,153,46,92,152,49,93,154,48,92,153,48,92,153,48,92,153,50,94,155,49,93,154,48,92,153,49,93,154,49,93,154,48,92,153,48,92,153,49,93,154
47,89,151,47,89,151,46,90,151,47,90,151,48,91,152,46,91,152,46,91,152,47,91,152,47,90,151,48,90,152,48,90,152,49,91,152,49,90,152,48,90,151,48,90,152,49,91,153,48,92,153,47,91,152,48,92,153,47,90,152,48,91,152,47,90,151,48,90,152,48,90,152,48,92,153,51,92,154,50,91,153,47,91,152,47,91,152,47,91,152,47,92,151,49,91,152,46,91,154,45,87,149,90,102,160,168,202,222,184,204,221,175,187,204,163,170,185,154,162,178,140,148,165,130,132,143,130,129,131,126,136,144,102,130,160,73,115,165,58,101,159,53,98,157,52,96,158,89,107,129,86,82,59,71,53,28,73,57,28,70,55,27,70,52,22,80,60,24,73,58,22,52,27,31,78,25,22,111,44,12,116,48,18,128,50,6,142,64,23,150,82,60,153,89,58,125,72,54,70,23,39,48,11,40,44,38,89,78,83,139,84,84,130,54,86,146,51,92,156,51,92,153,47,93,153,46,92,152,48,92,153,50,92,154,50,92,154,50,92,153,50,92,154,48,91,153,49,93,154,48,93,154,49,94,154,48,94,154,48,94,154,49,93,154,49,94,154,49,94,155,49,93,154,49,93,154,49,93,154,48,93,154,49,94,154,49,93,154
46,90,151,46,90,151,48,89,151,48,89,151,48,89,151,47,89,151,46,90,151,47,90,151,50,91,153,48,89,151,48,89,151,48,89,151,49,90,152,49,90,152,49,91,153,48,92,153,47,91,152,46,90,151,46,90,151,47,90,152,47,91,152,49,92,154,48,91,153,47,91,152,48,91,152,51,92,153,49,91,152,48,92,153,48,92,153,48,92,153,49,94,152,48,93,155,51,88,151,88,96,158,129,147,187,172,193,209,178,195,210,172,182,199,161,167,179,149,156,171,139,146,161,131,133,145,124,126,132,122,117,123,110,127,143,79,121,163,58,97,159,54,96,157,53,97,159,63,99,149,88,95,95,67,57,39,63,52,30,74,59,24,84,57,26,81,57,19,83,61,20,63,43,31,59,17,28,104,42,19,116,49,10,130,46,11,138,62,20,156,91,63,154,94,68,152,88,57,115,45,37,71,46,90,50,92,149,48,96,157,48,95,152,50,93,155,50,93,154,46,95,154,49,92,153,50,91,153,48,93,154,49,93,154,49,93,154,48,92,153,49,93,154,49,92,153,48,92,153,48,92,153,48,92,153,47,93,153,47,93,153,48,92,153,49,93,154,50,94,155,51,92,154,50,92,154,49,93,154,48,92,153,48,94,153,49,93,154
45,89,149,46,90,151,48,88,151,48,88,150,49,89,151,49,89,151,49,89,151,50,90,153,50,91,153,48,89,151,48,89,151,46,88,150,47,89,151,47,90,152,45,90,150,45,89,150,47,91,152,47,91,152,47,91,151,50,91,153,50,91,153,50,90,153,49,89,151,49,89,152,50,91,153,47,92,151,46,90,151,47,91,152,47,91,152,48,92,153,49,93,154,45,89,152,83,92,151,148,175,206,163,194,212,165,165,180,169,176,190,166,177,191,155,160,171,143,147,160,133,139,153,128,131,143,121,127,139,117,111,120,118,123,128,94,126,155,59,98,159,58,99,161,54,98,155,50,97,160,62,91,133,43,47,59,52,39,40,80,62,39,87,68,33,88,69,32,87,62,30,73,57,39,54,25,37,95,37,27,122,55,19,127,50,18,136,60,20,144,83,47,152,91,67,156,95,74,150,84,54,113,73,76,67,90,145,51,92,156,50,93,154,48,93,153,47,93,153,48,93,153,48,92,153,50,91,153,49,91,153,49,93,154,49,93,154,48,92,153,49,93,154,49,93,154,48,92,153,48,92,153,48,92,153,48,92,153,49,92,153,48,92,153,50,92,154,50,92,154,51,92,154,51,92,154,52,92,154,51,93,154,47,93,152,49,93,153
47,90,150,47,91,150,45,89,150,47,89,151,49,90,152,49,90,152,49,90,152,49,90,152,49,90,152,48,89,151,49,90,152,46,90,151,47,91,152,47,92,152,46,91,151,46,91,151,47,91,152,47,88,150,48,89,151,49,90,152,49,90,152,50,91,153,49,91,153,49,90,152,48,90,152,47,91,152,47,92,153,48,92,153,47,91,152,49,91,153,50,92,155,45,83,145,112,129,170,164,199,208,158,175,192,149,151,165,155,161,171,158,170,179,151,158,168,143,149,161,133,139,151,126,133,144,120,125,138,117,117,126,127,131,135,111,133,162,68,107,165,56,101,160,52,99,159,51,98,157,47,82,141,40,50,84,47,41,54,78,60,34,87,63,28,85,66,25,85,67,29,76,67,33,55,38,41,81,32,35,119,58,23,132,60,27,137,65,34,139,73,42,144,73,44,154,90,64,157,96,73,158,92,64,105,70,89,54,95,150,50,93,158,50,91,154,50,92,154,51,92,154,46,94,153,46,94,154,51,93,154,48,93,154,48,92,153,48,92,153,49,93,154,48,92,153,49,93,154,49,93,154,49,93,154,49,93,154,48,92,153,49,93,154,47,93,153,48,92,153,49,93,154,49,93,154,51,94,154,51,94,154,48,93,153,51,92,154
49,91,151,49,90,151,46,90,151,46,90,151,46,90,151,46,90,151,46,89,150,47,90,151,48,90,150,49,90,151,48,91,153,47,91,152,47,91,152,47,91,152,47,91,152,47,90,152,48,90,152,49,90,152,49,90,152,48,91,152,47,91,152,47,91,152,47,91,152,47,91,152,47,91,152,47,90,152,47,91,152,47,91,152,47,91,152,48,90,152,50,92,154,47,87,146,106,129,172,162,183,200,151,169,190,140,149,168,148,149,162,151,159,169,147,154,165,142,149,161,134,140,152,128,136,148,121,127,140,123,121,128,138,144,153,124,148,175,84,123,171,56,100,158,51,97,157,50,98,156,48,86,140,38,53,101,50,68,110,76,71,72,89,62,29,86,61,22,83,64,24,80,67,21,57,46,31,56,17,31,101,47,18,124,56,18,141,64,25,151,89,60,148,91,67,148,83,44,154,93,56,155,94,69,137,70,55,87,82,123,52,94,154,51,91,153,50,92,154,48,94,154,50,92,153,48,91,153,46,94,154,49,93,154,48,92,153,47,91,152,48,92,153,48,92,153,48,93,153,47,93,153,48,92,153,48,92,153,48,92,153,48,92,153,49,94,155,48,94,154,48,94,154,48,94,154,49,93,153,50,92,153,48,94,154,51,92,154
49,89,151,49,89,151,45,89,150,46,89,150,48,90,152,48,90,152,49,90,152,49,90,152,48,90,150,50,92,152,47,91,152,46,91,152,47,91,152,47,90,152,48,91,152,49,90,152,49,89,151,49,90,152,49,90,152,47,90,151,46,90,151,46,90,151,46,90,151,46,90,151,47,91,152,49,90,153,48,90,152,47,91,152,49,91,152,50,90,152,50,91,152,48,90,152,63,98,155,122,150,178,145,168,190,141,162,183,137,139,156,138,138,151,140,145,157,138,143,154,135,139,151,127,134,147,125,130,141,129,127,132,139,142,151,126,155,174,90,137,173,63,98,160,51,97,156,51,99,159,45,88,141,46,66,115,54,94,148,62,93,142,81,68,67,83,62,27,83,64,22,83,63,21,68,59,31,49,24,35,71,27,26,110,48,29,140,67,36,155,92,65,160,99,75,157,90,69,149,87,48,152,88,57,146,83,51,117,80,93,59,93,150,47,92,153,48,93,154,50,93,154,48,93,153,48,92,153,49,92,153,48,93,154,48,92,153,48,92,153,49,93,154,49,93,154,47,94,153,47,94,154,49,94,154,48,92,153,48,92,153,49,93,154,49,94,153,47,93,152,48,94,153,50,93,154,51,91,153,51,91,154,48,94,154,51,92,154
46,90,151,45,90,151,48,90,151,48,90,151,46,90,151,46,90,151,48,90,152,49,90,152,50,91,152,48,90,151,45,89,150,47,91,152,49,91,153,49,90,151,49,89,150,48,90,151,48,93,153,46,91,151,47,90,151,46,91,152,46,90,151,47,90,152,47,91,152,46,90,151,46,92,152,47,91,152,47,91,152,47,91,152,49,90,152,48,92,152,49,92,152,49,93,152,43,91,152,52,91,146,82,103,154,139,160,186,155,171,192,149,154,175,140,144,161,136,139,152,137,146,156,134,138,151,131,129,141,134,129,132,140,146,148,127,157,173,93,128,173,60,96,157,50,95,154,50,98,155,50,90,135,54,70,111,56,102,149,51,99,162,68,89,140,76,66,61,81,65,23,82,63,22,73,65,26,54,35,35,45,10,38,66,43,87,106,69,91,149,82,63,157,95,65,159,97,71,156,100,69,150,83,50,148,74,46,132,82,76,73,91,141,47,92,154,48,92,153,49,92,153,48,93,154,50,91,153,50,92,154,47,93,153,47,93,153,48,94,154,48,92,153,49,92,153,49,92,153,48,92,153,48,92,153,48,92,153,48,92,153,47,93,153,47,93,153,47,93,153,49,93,154,50,94,155,50,93,155,51,92,154,49,93,154,49,93,154
47,89,151,46,90,151,48,89,149,47,89,149,46,89,150,45,89,150,46,88,150,47,88,150,48,91,151,46,90,151,45,89,150,45,90,151,47,91,152,49,89,150,49,90,150,49,91,152,46,89,150,48,92,153,48,92,153,48,92,153,48,92,153,48,92,153,49,91,153,47,91,152,47,92,153,47,91,151,47,91,152,49,93,154,48,92,153,48,93,152,49,93,154,48,92,152,48,92,155,47,93,152,48,83,143,132,151,188,180,205,224,174,184,206,153,158,178,150,153,170,149,158,172,140,145,161,130,132,144,126,124,129,135,135,137,119,143,162,87,121,171,60,99,157,49,98,156,45,91,144,42,65,101,48,71,113,53,99,156,50,101,155,52,97,159,69,84,128,82,61,52,79,63,25,75,65,27,63,45,49,48,49,96,48,88,150,60,97,158,115,85,118,152,90,77,158,94,65,157,96,72,155,99,74,153,89,62,140,81,61,85,84,136,50,93,157,49,91,153,47,91,152,49,93,154,49,91,153,48,92,153,47,93,153,47,93,153,47,93,153,48,92,153,49,92,153,49,92,153,48,92,153,48,92,153,48,92,153,49,93,154,48,94,154,48,92,153,48,91,152,48,92,153,48,92,154,50,93,154,52,93,155,48,92,153,49,93,154
48,89,151,48,88,151,48,90,150,49,91,151,48,91,152,47,91,152,48,90,152,49,90,152,48,90,150,47,91,151,46,91,150,47,90,152,49,90,152,48,91,151,48,90,152,50,91,153,49,90,152,49,90,152,46,90,151,46,90,151,47,91,152,49,90,152,48,89,151,48,89,151,49,91,152,49,90,152,48,91,152,47,91,152,47,91,152,47,91,152,48,93,154,48,92,153,51,91,154,45,94,152,42,88,150,99,120,168,174,201,219,176,195,213,161,170,188,156,160,179,151,158,175,142,150,167,132,138,153,120,121,131,130,124,127,119,134,154,88,127,173,68,112,165,54,98,158,38,64,116,34,32,62,43,55,96,54,97,155,51,99,153,48,95,158,53,95,158,62,86,135,70,74,96,69,71,84,62,76,119,49,91,151,50,95,156,46,92,155,51,93,155,100,92,136,148,91,93,162,91,62,158,92,62,163,97,69,150,86,66,90,87,128,50,92,156,50,92,154,48,92,153,50,94,155,48,92,153,49,92,153,49,92,153,48,92,153,48,92,153,48,92,153,49,92,153,49,92,154,49,93,154,49,93,154,49,93,154,49,93,154,48,94,154,48,93,153,49,93,154,50,93,155,50,92,154,51,92,154,51,92,153,48,92,153,49,93,154
48,89,151,47,88,150,48,90,150,48,90,150,47,89,150,46,89,150,48,89,151,48,89,151,49,90,151,48,90,150,48,90,150,49,91,152,50,90,152,49,90,152,47,91,152,48,89,151,51,92,154,48,90,151,46,89,150,46,89,150,46,90,151,47,90,151,48,89,151,48,89,151,50,91,153,50,92,152,48,92,151,47,91,152,47,91,152,48,92,153,47,92,153,47,90,150,49,93,152,49,94,153,46,91,154,69,95,150,166,186,209,177,201,217,165,178,195,159,166,184,151,158,176,140,152,168,134,143,161,118,122,137,127,119,123,121,131,145,99,136,166,76,122,168,58,97,159,46,75,130,34,42,93,41,69,117,54,99,153,56,97,158,51,95,156,49,92,153,52,95,156,55,94,158,55,92,157,53,95,155,52,94,154,46,92,151,53,92,154,47,92,155,46,90,155,81,90,148,136,93,105,158,90,72,157,94,63,150,90,68,99,87,126,51,92,156,51,92,154,50,91,153,48,93,153,48,92,153,50,93,154,49,92,153,48,92,153,48,92,153,48,92,153,51,92,154,49,92,154,49,93,154,49,93,154,48,92,153,48,92,153,48,92,153,48,92,153,50,93,155,51,93,154,50,92,153,50,93,152,50,93,152,49,93,154,49,93,154
47,88,150,46,89,151,48,90,150,49,91,151,48,90,150,48,88,151,48,89,151,48,89,151,48,88,150,48,89,151,48,89,151,48,90,151,47,90,151,47,90,152,48,90,152,47,90,152,47,89,151,50,91,153,50,91,153,47,90,151,47,91,152,48,92,153,47,90,151,49,90,152,51,92,154,50,90,151,49,92,151,48,92,153,47,93,153,47,91,152,46,91,153,49,92,152,47,92,150,49,92,154,51,93,152,54,84,144,131,148,180,176,203,219,170,185,204,160,169,188,146,152,171,134,147,163,131,141,161,119,125,142,122,118,121,120,124,129,114,132,145,85,120,160,61,100,159,66,114,169,62,103,166,52,104,161,56,101,157,51,98,156,50,97,153,48,92,152,51,96,156,46,92,154,51,93,153,50,93,149,51,92,154,49,91,154,49,92,157,49,93,148,50,93,152,43,91,156,66,92,156,120,92,120,157,93,76,151,93,70,99,89,130,52,93,156,51,92,154,49,90,152,47,92,152,48,91,152,50,93,154,48,93,152,47,93,153,49,92,154,49,93,154,51,92,154,49,92,153,48,92,153,48,92,153,49,93,154,49,93,154,49,93,154,49,93,154,49,93,154,48,92,153,48,93,152,49,94,153,49,94,153,48,94,154,48,93,153
45,88,149,45,90,151,48,90,150,48,90,150,48,90,150,48,89,151,47,89,150,46,89,150,46,89,150,47,90,151,47,90,151,46,91,151,46,91,152,46,90,152,49,90,152,47,91,152,47,91,152,49,90,152,50,90,151,47,89,151,47,91,152,47,91,152,45,89,150,48,89,151,49,89,151,50,91,152,49,92,151,47,92,152,46,91,152,47,91,152,48,92,153,50,91,153,49,91,151,47,92,156,49,92,149,56,90,153,118,140,178,171,196,214,167,181,203,159,171,192,148,154,175,142,153,170,136,146,168,125,133,151,118,118,123,118,114,117,119,119,122,88,109,148,72,111,166,78,126,174,66,117,168,62,103,161,56,99,158,52,97,156,54,97,159,50,97,156,50,93,154,50,95,155,50,95,154,49,91,157,48,93,154,49,93,150,49,93,151,48,93,154,52,93,157,50,94,154,43,93,154,55,92,156,107,94,134,134,87,105,86,92,139,49,92,153,51,92,152,50,91,153,51,93,154,50,91,154,49,92,153,47,93,152,47,93,152,48,93,154,49,93,154,51,92,154,49,92,153,48,92,153,49,93,154,49,93,154,48,92,153,48,92,153,49,93,154,50,94,155,50,93,154,50,95,154,50,95,154,48,94,153,47,94,154,48,93,153
47,89,151,44,89,149,46,90,151,48,89,150,48,90,150,46,92,150,44,89,149,48,90,152,49,90,152,49,89,151,49,89,151,49,91,151,49,91,151,47,91,152,49,90,152,49,90,152,49,90,152,49,91,151,49,91,151,48,90,152,48,90,152,48,92,153,47,91,152,48,91,152,48,90,151,50,91,152,49,93,152,48,92,152,50,91,153,48,91,152,47,91,151,52,92,153,50,90,152,47,93,152,48,89,153,53,88,148,113,141,181,164,187,207,167,181,204,162,179,203,155,167,187,147,158,177,139,152,171,126,141,158,116,118,134,113,113,119,118,117,120,91,114,148,80,126,174,79,125,176,67,112,166,58,101,160,55,102,161,52,98,156,54,99,158,53,98,157,51,95,156,50,94,155,48,92,153,48,93,153,48,92,153,49,92,153,50,92,153,48,92,153,49,95,153,51,93,155,52,92,152,46,93,153,51,92,153,70,91,154,55,94,150,48,93,152,49,94,153,48,92,153,50,91,153,50,91,153,51,92,154,49,92,153,48,91,152,50,91,153,51,92,154,48,92,153,47,92,152,48,92,153,48,92,153,48,92,153,49,93,154,48,92,153,47,93,153,48,92,153,50,92,154,51,92,154,50,93,154,49,94,154,48,92,153,49,93,153
47,89,151,45,89,150,48,89,151,49,89,151,48,90,150,46,91,150,46,91,151,47,89,151,48,90,150,48,90,150,49,90,151,48,90,151,48,90,151,47,90,152,48,89,151,48,89,151,48,89,151,49,90,152,49,90,152,48,89,151,46,90,151,47,91,152,46,92,152,47,92,152,46,92,152,49,89,151,48,91,152,47,91,152,48,89,151,48,89,151,46,90,152,48,90,153,50,91,152,47,92,154,49,94,157,46,90,150,70,97,148,142,166,194,170,192,215,171,186,209,156,167,187,145,153,173,137,150,165,133,149,165,122,126,144,115,115,124,124,123,126,106,126,151,84,126,173,73,113,163,61,109,161,56,101,159,54,100,159,50,101,158,53,98,157,53,99,158,52,97,157,50,95,156,49,93,154,49,93,154,49,93,154,49,93,154,49,93,154,49,93,154,47,93,152,50,92,150,45,91,153,50,94,154,46,96,153,45,93,155,46,95,151,50,95,154,48,93,152,48,92,153,50,91,153,50,91,153,49,90,152,49,92,153,48,92,153,49,92,153,50,91,153,48,92,153,48,92,153,49,93,154,49,93,154,48,92,153,49,93,154,49,93,154,49,94,154,49,93,154,49,93,154,51,92,154,49,92,153,47,91,152,48,92,153,48,94,153
